Compensation,Education,Title,Company_Size,Gender,Count
"> $500,000",Doctoral degree,Data Scientist,"> 10,000 employees",Male,1
"> $500,000",Doctoral degree,Data Scientist,"1000-9,999 employees",Male,1
"> $500,000",Doctoral degree,Data Scientist,0-49 employees,Male,2
"> $500,000",Doctoral degree,Product/Project Manager,"> 10,000 employees",Male,1
"> $500,000",Doctoral degree,Business Analyst,"1000-9,999 employees",Male,1
"> $500,000",Doctoral degree,Statistician,"1000-9,999 employees",Male,1
"> $500,000",Doctoral degree,Statistician,0-49 employees,Male,1
"> $500,000",Doctoral degree,Software Engineer,"> 10,000 employees",Male,1
"> $500,000",Doctoral degree,Other,"> 10,000 employees",Male,2
"> $500,000",Master's degree,Data Scientist,"> 10,000 employees",Male,4
"> $500,000",Master's degree,Business Analyst,"> 10,000 employees",Male,1
"> $500,000",Master's degree,Software Engineer,"> 10,000 employees",Male,1
"> $500,000",Master's degree,Software Engineer,"1000-9,999 employees",Male,1
"> $500,000",Master's degree,Other,"1000-9,999 employees",Male,1
"> $500,000",Bachelor's degree,Product/Project Manager,"1000-9,999 employees",Male,1
"> $500,000",Bachelor's degree,Product/Project Manager,0-49 employees,Male,1
"> $500,000",Bachelor's degree,Other,50-249 employees,Male,1
"> $500,000",Bachelor's degree,Other,0-49 employees,Male,1
"> $500,000",Professional degree,Research Scientist,"> 10,000 employees",Male,1
"> $500,000",Professional degree,Other,"> 10,000 employees",Self Describe,1
"> $500,000",I prefer not to answer,Business Analyst,"1000-9,999 employees",Male,1
"300,000 to 500,000",Doctoral degree,Research Scientist,"> 10,000 employees",Male,1
"300,000 to 500,000",Doctoral degree,Research Scientist,"1000-9,999 employees",Male,1
"300,000 to 500,000",Doctoral degree,Research Scientist,250-999 employees,Male,1
"300,000 to 500,000",Doctoral degree,Research Scientist,50-249 employees,Female,1
"300,000 to 500,000",Doctoral degree,Research Scientist,0-49 employees,Male,1
"300,000 to 500,000",Doctoral degree,Data Scientist,"> 10,000 employees",Male,1
"300,000 to 500,000",Doctoral degree,Data Scientist,"> 10,000 employees",Female,1
"300,000 to 500,000",Doctoral degree,Data Scientist,"1000-9,999 employees",Male,2
"300,000 to 500,000",Doctoral degree,Data Scientist,250-999 employees,Male,1
"300,000 to 500,000",Doctoral degree,Data Scientist,0-49 employees,Male,1
"300,000 to 500,000",Doctoral degree,Data Engineer,"> 10,000 employees",Male,1
"300,000 to 500,000",Doctoral degree,Software Engineer,"1000-9,999 employees",Male,1
"300,000 to 500,000",Doctoral degree,Software Engineer,50-249 employees,Male,1
"300,000 to 500,000",Doctoral degree,Other,"> 10,000 employees",Male,1
"300,000 to 500,000",Doctoral degree,Other,"1000-9,999 employees",Male,3
"300,000 to 500,000",Doctoral degree,Other,250-999 employees,Female,1
"300,000 to 500,000",Doctoral degree,Other,50-249 employees,Male,1
"300,000 to 500,000",Master's degree,Research Scientist,"> 10,000 employees",Male,1
"300,000 to 500,000",Master's degree,Research Scientist,50-249 employees,Male,1
"300,000 to 500,000",Master's degree,Data Scientist,"1000-9,999 employees",Male,2
"300,000 to 500,000",Master's degree,Data Scientist,0-49 employees,Male,2
"300,000 to 500,000",Master's degree,Product/Project Manager,250-999 employees,Male,1
"300,000 to 500,000",Master's degree,Product/Project Manager,50-249 employees,Male,1
"300,000 to 500,000",Master's degree,Product/Project Manager,0-49 employees,Male,1
"300,000 to 500,000",Master's degree,Business Analyst,"> 10,000 employees",Male,1
"300,000 to 500,000",Master's degree,Data Analyst,"1000-9,999 employees",Male,1
"300,000 to 500,000",Master's degree,Data Engineer,"1000-9,999 employees",Male,1
"300,000 to 500,000",Master's degree,Data Engineer,0-49 employees,Male,1
"300,000 to 500,000",Master's degree,Software Engineer,"> 10,000 employees",Male,1
"300,000 to 500,000",Master's degree,Software Engineer,"> 10,000 employees",Not Mentioned,1
"300,000 to 500,000",Master's degree,Other,"> 10,000 employees",Male,2
"300,000 to 500,000",Master's degree,Other,"1000-9,999 employees",Male,2
"300,000 to 500,000",Master's degree,Other,"1000-9,999 employees",Female,1
"300,000 to 500,000",Master's degree,Other,250-999 employees,Male,1
"300,000 to 500,000",Master's degree,Other,50-249 employees,Male,1
"300,000 to 500,000",Bachelor's degree,Data Scientist,"> 10,000 employees",Male,2
"300,000 to 500,000",Bachelor's degree,Software Engineer,"> 10,000 employees",Male,2
"300,000 to 500,000",Bachelor's degree,Software Engineer,"1000-9,999 employees",Male,1
"300,000 to 500,000",Bachelor's degree,Software Engineer,50-249 employees,Male,1
"300,000 to 500,000",Bachelor's degree,Other,50-249 employees,Male,1
"300,000 to 500,000",Bachelor's degree,Other,0-49 employees,Male,1
"300,000 to 500,000",Some college/university,Data Scientist,0-49 employees,Male,2
"250,000 to 299,999",Doctoral degree,Research Scientist,"> 10,000 employees",Male,2
"250,000 to 299,999",Doctoral degree,Data Scientist,"> 10,000 employees",Male,1
"250,000 to 299,999",Doctoral degree,Data Scientist,"1000-9,999 employees",Male,4
"250,000 to 299,999",Doctoral degree,Data Scientist,50-249 employees,Male,1
"250,000 to 299,999",Doctoral degree,Data Analyst,"> 10,000 employees",Male,1
"250,000 to 299,999",Doctoral degree,Other,0-49 employees,Male,1
"250,000 to 299,999",Master's degree,Research Scientist,"1000-9,999 employees",Female,1
"250,000 to 299,999",Master's degree,Data Scientist,"> 10,000 employees",Male,4
"250,000 to 299,999",Master's degree,Data Scientist,"1000-9,999 employees",Male,1
"250,000 to 299,999",Master's degree,Data Scientist,50-249 employees,Male,1
"250,000 to 299,999",Master's degree,Data Scientist,0-49 employees,Male,2
"250,000 to 299,999",Master's degree,Business Analyst,250-999 employees,Male,1
"250,000 to 299,999",Master's degree,Business Analyst,0-49 employees,Female,1
"250,000 to 299,999",Master's degree,Data Analyst,"> 10,000 employees",Male,1
"250,000 to 299,999",Master's degree,Data Engineer,"> 10,000 employees",Male,1
"250,000 to 299,999",Master's degree,Data Engineer,0-49 employees,Male,1
"250,000 to 299,999",Master's degree,Software Engineer,"> 10,000 employees",Male,1
"250,000 to 299,999",Master's degree,Other,"> 10,000 employees",Male,1
"250,000 to 299,999",Master's degree,Other,"1000-9,999 employees",Male,3
"250,000 to 299,999",Bachelor's degree,Data Scientist,"> 10,000 employees",Male,1
"250,000 to 299,999",Bachelor's degree,Data Scientist,0-49 employees,Male,1
"250,000 to 299,999",Bachelor's degree,Product/Project Manager,"> 10,000 employees",Male,1
"250,000 to 299,999",Bachelor's degree,Product/Project Manager,50-249 employees,Male,1
"250,000 to 299,999",Bachelor's degree,Software Engineer,"> 10,000 employees",Male,2
"250,000 to 299,999",Bachelor's degree,Software Engineer,"1000-9,999 employees",Male,1
"250,000 to 299,999",Bachelor's degree,Software Engineer,250-999 employees,Male,1
"250,000 to 299,999",Bachelor's degree,Other,"> 10,000 employees",Male,3
"250,000 to 299,999",Professional degree,Data Scientist,"> 10,000 employees",Male,1
"250,000 to 299,999",High School,Software Engineer,0-49 employees,Male,1
"200,000 to 249,999",Doctoral degree,Research Scientist,"> 10,000 employees",Male,2
"200,000 to 249,999",Doctoral degree,Research Scientist,"1000-9,999 employees",Male,1
"200,000 to 249,999",Doctoral degree,Research Scientist,50-249 employees,Male,1
"200,000 to 249,999",Doctoral degree,Research Scientist,0-49 employees,Male,2
"200,000 to 249,999",Doctoral degree,Data Scientist,"> 10,000 employees",Male,5
"200,000 to 249,999",Doctoral degree,Data Scientist,"1000-9,999 employees",Male,5
"200,000 to 249,999",Doctoral degree,Data Scientist,250-999 employees,Male,1
"200,000 to 249,999",Doctoral degree,Data Scientist,0-49 employees,Male,2
"200,000 to 249,999",Doctoral degree,Statistician,0-49 employees,Male,1
"200,000 to 249,999",Doctoral degree,Software Engineer,"1000-9,999 employees",Female,1
"200,000 to 249,999",Doctoral degree,Other,"> 10,000 employees",Male,2
"200,000 to 249,999",Doctoral degree,Other,"> 10,000 employees",Not Mentioned,1
"200,000 to 249,999",Doctoral degree,Other,"1000-9,999 employees",Male,1
"200,000 to 249,999",Doctoral degree,Other,50-249 employees,Not Mentioned,1
"200,000 to 249,999",Master's degree,Research Scientist,"> 10,000 employees",Male,3
"200,000 to 249,999",Master's degree,Research Scientist,"> 10,000 employees",Not Mentioned,1
"200,000 to 249,999",Master's degree,Data Scientist,"> 10,000 employees",Male,4
"200,000 to 249,999",Master's degree,Data Scientist,"> 10,000 employees",Female,2
"200,000 to 249,999",Master's degree,Data Scientist,"> 10,000 employees",Not Mentioned,1
"200,000 to 249,999",Master's degree,Data Scientist,"1000-9,999 employees",Male,5
"200,000 to 249,999",Master's degree,Data Scientist,"1000-9,999 employees",Female,2
"200,000 to 249,999",Master's degree,Data Scientist,250-999 employees,Male,3
"200,000 to 249,999",Master's degree,Data Scientist,50-249 employees,Male,2
"200,000 to 249,999",Master's degree,Data Scientist,50-249 employees,Not Mentioned,1
"200,000 to 249,999",Master's degree,Data Scientist,0-49 employees,Male,3
"200,000 to 249,999",Master's degree,Product/Project Manager,"> 10,000 employees",Male,3
"200,000 to 249,999",Master's degree,Product/Project Manager,"1000-9,999 employees",Male,1
"200,000 to 249,999",Master's degree,Statistician,"> 10,000 employees",Male,1
"200,000 to 249,999",Master's degree,Statistician,"> 10,000 employees",Female,1
"200,000 to 249,999",Master's degree,Data Analyst,"1000-9,999 employees",Male,1
"200,000 to 249,999",Master's degree,Data Engineer,"> 10,000 employees",Male,1
"200,000 to 249,999",Master's degree,Data Engineer,0-49 employees,Male,1
"200,000 to 249,999",Master's degree,DBA/Database Engineer,"> 10,000 employees",Male,1
"200,000 to 249,999",Master's degree,Software Engineer,"> 10,000 employees",Male,3
"200,000 to 249,999",Master's degree,Software Engineer,"> 10,000 employees",Female,1
"200,000 to 249,999",Master's degree,Software Engineer,"1000-9,999 employees",Male,1
"200,000 to 249,999",Master's degree,Software Engineer,"1000-9,999 employees",Female,1
"200,000 to 249,999",Master's degree,Software Engineer,50-249 employees,Male,1
"200,000 to 249,999",Master's degree,Software Engineer,0-49 employees,Male,1
"200,000 to 249,999",Master's degree,Other,"> 10,000 employees",Male,5
"200,000 to 249,999",Master's degree,Other,"1000-9,999 employees",Male,5
"200,000 to 249,999",Master's degree,Other,50-249 employees,Female,1
"200,000 to 249,999",Master's degree,Other,0-49 employees,Male,3
"200,000 to 249,999",Bachelor's degree,Research Scientist,"> 10,000 employees",Male,2
"200,000 to 249,999",Bachelor's degree,Data Scientist,"> 10,000 employees",Male,1
"200,000 to 249,999",Bachelor's degree,Data Scientist,"1000-9,999 employees",Male,2
"200,000 to 249,999",Bachelor's degree,Data Scientist,50-249 employees,Male,3
"200,000 to 249,999",Bachelor's degree,Data Scientist,0-49 employees,Male,1
"200,000 to 249,999",Bachelor's degree,Product/Project Manager,"> 10,000 employees",Male,1
"200,000 to 249,999",Bachelor's degree,Product/Project Manager,"1000-9,999 employees",Male,1
"200,000 to 249,999",Bachelor's degree,Product/Project Manager,0-49 employees,Male,1
"200,000 to 249,999",Bachelor's degree,Data Analyst,"> 10,000 employees",Male,1
"200,000 to 249,999",Bachelor's degree,Data Engineer,"> 10,000 employees",Male,2
"200,000 to 249,999",Bachelor's degree,Software Engineer,"> 10,000 employees",Male,2
"200,000 to 249,999",Bachelor's degree,Software Engineer,"1000-9,999 employees",Male,1
"200,000 to 249,999",Bachelor's degree,Software Engineer,250-999 employees,Male,1
"200,000 to 249,999",Bachelor's degree,Software Engineer,50-249 employees,Male,1
"200,000 to 249,999",Bachelor's degree,Software Engineer,0-49 employees,Male,3
"200,000 to 249,999",Bachelor's degree,Other,"> 10,000 employees",Male,2
"200,000 to 249,999",Bachelor's degree,Other,0-49 employees,Male,1
"200,000 to 249,999",Professional degree,Research Scientist,0-49 employees,Male,1
"200,000 to 249,999",Professional degree,Data Scientist,50-249 employees,Male,1
"200,000 to 249,999",Professional degree,DBA/Database Engineer,"> 10,000 employees",Male,1
"200,000 to 249,999",Professional degree,Software Engineer,"> 10,000 employees",Male,1
"200,000 to 249,999",Professional degree,Other,"> 10,000 employees",Male,1
"200,000 to 249,999",Professional degree,Other,"> 10,000 employees",Female,1
"200,000 to 249,999",Some college/university,Data Scientist,"> 10,000 employees",Male,1
"200,000 to 249,999",Some college/university,Data Engineer,250-999 employees,Male,1
"200,000 to 249,999",Some college/university,Software Engineer,50-249 employees,Not Mentioned,1
"200,000 to 249,999",Some college/university,Other,50-249 employees,Male,1
"200,000 to 249,999",Some college/university,Other,0-49 employees,Male,1
"150,000 to 199,999",Doctoral degree,Research Scientist,"> 10,000 employees",Male,6
"150,000 to 199,999",Doctoral degree,Research Scientist,"1000-9,999 employees",Male,3
"150,000 to 199,999",Doctoral degree,Research Scientist,"1000-9,999 employees",Female,2
"150,000 to 199,999",Doctoral degree,Research Scientist,250-999 employees,Male,3
"150,000 to 199,999",Doctoral degree,Research Scientist,50-249 employees,Male,2
"150,000 to 199,999",Doctoral degree,Research Scientist,50-249 employees,Female,1
"150,000 to 199,999",Doctoral degree,Research Scientist,0-49 employees,Male,2
"150,000 to 199,999",Doctoral degree,Data Scientist,"> 10,000 employees",Male,14
"150,000 to 199,999",Doctoral degree,Data Scientist,"> 10,000 employees",Female,5
"150,000 to 199,999",Doctoral degree,Data Scientist,"1000-9,999 employees",Male,10
"150,000 to 199,999",Doctoral degree,Data Scientist,"1000-9,999 employees",Female,1
"150,000 to 199,999",Doctoral degree,Data Scientist,250-999 employees,Male,8
"150,000 to 199,999",Doctoral degree,Data Scientist,250-999 employees,Female,3
"150,000 to 199,999",Doctoral degree,Data Scientist,50-249 employees,Male,4
"150,000 to 199,999",Doctoral degree,Data Scientist,50-249 employees,Female,2
"150,000 to 199,999",Doctoral degree,Data Scientist,0-49 employees,Male,9
"150,000 to 199,999",Doctoral degree,Data Scientist,0-49 employees,Female,2
"150,000 to 199,999",Doctoral degree,Product/Project Manager,"1000-9,999 employees",Male,2
"150,000 to 199,999",Doctoral degree,Product/Project Manager,0-49 employees,Male,1
"150,000 to 199,999",Doctoral degree,Statistician,"> 10,000 employees",Male,2
"150,000 to 199,999",Doctoral degree,Statistician,"1000-9,999 employees",Female,1
"150,000 to 199,999",Doctoral degree,Data Engineer,"> 10,000 employees",Not Mentioned,1
"150,000 to 199,999",Doctoral degree,DBA/Database Engineer,"1000-9,999 employees",Male,1
"150,000 to 199,999",Doctoral degree,Software Engineer,"> 10,000 employees",Male,3
"150,000 to 199,999",Doctoral degree,Software Engineer,"1000-9,999 employees",Male,1
"150,000 to 199,999",Doctoral degree,Software Engineer,250-999 employees,Male,1
"150,000 to 199,999",Doctoral degree,Other,"1000-9,999 employees",Male,1
"150,000 to 199,999",Doctoral degree,Other,250-999 employees,Male,1
"150,000 to 199,999",Doctoral degree,Other,50-249 employees,Male,1
"150,000 to 199,999",Doctoral degree,Other,50-249 employees,Female,1
"150,000 to 199,999",Doctoral degree,Other,0-49 employees,Male,1
"150,000 to 199,999",Master's degree,Research Scientist,"> 10,000 employees",Male,3
"150,000 to 199,999",Master's degree,Research Scientist,"> 10,000 employees",Female,1
"150,000 to 199,999",Master's degree,Research Scientist,"1000-9,999 employees",Male,2
"150,000 to 199,999",Master's degree,Research Scientist,50-249 employees,Male,1
"150,000 to 199,999",Master's degree,Research Scientist,0-49 employees,Male,1
"150,000 to 199,999",Master's degree,Data Scientist,"> 10,000 employees",Male,24
"150,000 to 199,999",Master's degree,Data Scientist,"> 10,000 employees",Female,6
"150,000 to 199,999",Master's degree,Data Scientist,"1000-9,999 employees",Male,11
"150,000 to 199,999",Master's degree,Data Scientist,"1000-9,999 employees",Female,6
"150,000 to 199,999",Master's degree,Data Scientist,250-999 employees,Male,5
"150,000 to 199,999",Master's degree,Data Scientist,50-249 employees,Male,8
"150,000 to 199,999",Master's degree,Data Scientist,50-249 employees,Female,3
"150,000 to 199,999",Master's degree,Data Scientist,0-49 employees,Male,8
"150,000 to 199,999",Master's degree,Product/Project Manager,"> 10,000 employees",Male,4
"150,000 to 199,999",Master's degree,Product/Project Manager,"1000-9,999 employees",Male,4
"150,000 to 199,999",Master's degree,Product/Project Manager,50-249 employees,Male,2
"150,000 to 199,999",Master's degree,Product/Project Manager,0-49 employees,Male,2
"150,000 to 199,999",Master's degree,Business Analyst,"> 10,000 employees",Male,1
"150,000 to 199,999",Master's degree,Business Analyst,"> 10,000 employees",Female,1
"150,000 to 199,999",Master's degree,Business Analyst,0-49 employees,Male,1
"150,000 to 199,999",Master's degree,Statistician,250-999 employees,Female,1
"150,000 to 199,999",Master's degree,Data Analyst,"1000-9,999 employees",Female,1
"150,000 to 199,999",Master's degree,Data Analyst,250-999 employees,Male,2
"150,000 to 199,999",Master's degree,Data Analyst,0-49 employees,Male,2
"150,000 to 199,999",Master's degree,Data Engineer,"> 10,000 employees",Male,1
"150,000 to 199,999",Master's degree,Data Engineer,"> 10,000 employees",Self Describe,1
"150,000 to 199,999",Master's degree,Data Engineer,"1000-9,999 employees",Male,3
"150,000 to 199,999",Master's degree,Data Engineer,250-999 employees,Male,1
"150,000 to 199,999",Master's degree,Data Engineer,250-999 employees,Female,1
"150,000 to 199,999",Master's degree,Data Engineer,50-249 employees,Male,2
"150,000 to 199,999",Master's degree,Software Engineer,"> 10,000 employees",Male,5
"150,000 to 199,999",Master's degree,Software Engineer,"1000-9,999 employees",Male,5
"150,000 to 199,999",Master's degree,Software Engineer,250-999 employees,Male,2
"150,000 to 199,999",Master's degree,Software Engineer,50-249 employees,Male,3
"150,000 to 199,999",Master's degree,Software Engineer,0-49 employees,Male,2
"150,000 to 199,999",Master's degree,Other,"> 10,000 employees",Male,3
"150,000 to 199,999",Master's degree,Other,"> 10,000 employees",Female,1
"150,000 to 199,999",Master's degree,Other,"1000-9,999 employees",Male,3
"150,000 to 199,999",Master's degree,Other,"1000-9,999 employees",Female,1
"150,000 to 199,999",Master's degree,Other,250-999 employees,Male,4
"150,000 to 199,999",Master's degree,Other,50-249 employees,Male,4
"150,000 to 199,999",Master's degree,Other,0-49 employees,Male,1
"150,000 to 199,999",Bachelor's degree,Research Scientist,"> 10,000 employees",Not Mentioned,1
"150,000 to 199,999",Bachelor's degree,Research Scientist,50-249 employees,Male,1
"150,000 to 199,999",Bachelor's degree,Data Scientist,"> 10,000 employees",Male,8
"150,000 to 199,999",Bachelor's degree,Data Scientist,"> 10,000 employees",Female,1
"150,000 to 199,999",Bachelor's degree,Data Scientist,"1000-9,999 employees",Male,6
"150,000 to 199,999",Bachelor's degree,Data Scientist,"1000-9,999 employees",Female,2
"150,000 to 199,999",Bachelor's degree,Data Scientist,250-999 employees,Male,2
"150,000 to 199,999",Bachelor's degree,Data Scientist,50-249 employees,Male,3
"150,000 to 199,999",Bachelor's degree,Data Scientist,50-249 employees,Female,1
"150,000 to 199,999",Bachelor's degree,Data Scientist,0-49 employees,Female,2
"150,000 to 199,999",Bachelor's degree,Data Scientist,0-49 employees,Self Describe,1
"150,000 to 199,999",Bachelor's degree,Product/Project Manager,"> 10,000 employees",Male,2
"150,000 to 199,999",Bachelor's degree,Product/Project Manager,"1000-9,999 employees",Female,1
"150,000 to 199,999",Bachelor's degree,Product/Project Manager,250-999 employees,Male,1
"150,000 to 199,999",Bachelor's degree,Product/Project Manager,0-49 employees,Male,1
"150,000 to 199,999",Bachelor's degree,Product/Project Manager,0-49 employees,Female,1
"150,000 to 199,999",Bachelor's degree,Business Analyst,"1000-9,999 employees",Male,1
"150,000 to 199,999",Bachelor's degree,Data Analyst,"> 10,000 employees",Male,1
"150,000 to 199,999",Bachelor's degree,Data Analyst,"1000-9,999 employees",Male,1
"150,000 to 199,999",Bachelor's degree,Data Analyst,250-999 employees,Male,1
"150,000 to 199,999",Bachelor's degree,Data Analyst,250-999 employees,Female,1
"150,000 to 199,999",Bachelor's degree,Data Engineer,"> 10,000 employees",Male,2
"150,000 to 199,999",Bachelor's degree,Data Engineer,50-249 employees,Male,1
"150,000 to 199,999",Bachelor's degree,Software Engineer,"> 10,000 employees",Male,7
"150,000 to 199,999",Bachelor's degree,Software Engineer,"1000-9,999 employees",Male,4
"150,000 to 199,999",Bachelor's degree,Software Engineer,250-999 employees,Male,4
"150,000 to 199,999",Bachelor's degree,Software Engineer,50-249 employees,Male,1
"150,000 to 199,999",Bachelor's degree,Software Engineer,0-49 employees,Male,2
"150,000 to 199,999",Bachelor's degree,Other,"> 10,000 employees",Male,2
"150,000 to 199,999",Bachelor's degree,Other,"1000-9,999 employees",Male,2
"150,000 to 199,999",Bachelor's degree,Other,250-999 employees,Male,2
"150,000 to 199,999",Bachelor's degree,Other,50-249 employees,Male,1
"150,000 to 199,999",Bachelor's degree,Other,0-49 employees,Male,1
"150,000 to 199,999",Professional degree,Research Scientist,"> 10,000 employees",Male,1
"150,000 to 199,999",Professional degree,Data Scientist,"> 10,000 employees",Male,2
"150,000 to 199,999",Professional degree,Data Scientist,"1000-9,999 employees",Male,3
"150,000 to 199,999",Professional degree,Data Engineer,50-249 employees,Male,1
"150,000 to 199,999",Professional degree,Other,"1000-9,999 employees",Male,1
"150,000 to 199,999",Some college/university,Data Scientist,50-249 employees,Male,1
"150,000 to 199,999",Some college/university,Data Scientist,0-49 employees,Male,3
"150,000 to 199,999",Some college/university,Product/Project Manager,"> 10,000 employees",Male,1
"150,000 to 199,999",Some college/university,Data Analyst,50-249 employees,Male,1
"150,000 to 199,999",Some college/university,DBA/Database Engineer,250-999 employees,Male,1
"150,000 to 199,999",Some college/university,DBA/Database Engineer,0-49 employees,Male,1
"150,000 to 199,999",Some college/university,Software Engineer,"> 10,000 employees",Male,2
"150,000 to 199,999",Some college/university,Software Engineer,"1000-9,999 employees",Male,1
"150,000 to 199,999",Some college/university,Software Engineer,50-249 employees,Male,1
"150,000 to 199,999",Some college/university,Other,"1000-9,999 employees",Male,1
"150,000 to 199,999",High School,Product/Project Manager,"> 10,000 employees",Male,1
"150,000 to 199,999",High School,Software Engineer,"> 10,000 employees",Male,2
"150,000 to 199,999",I prefer not to answer,DBA/Database Engineer,"> 10,000 employees",Not Mentioned,1
"150,000 to 199,999",I prefer not to answer,Other,50-249 employees,Male,1
"125,000 to 149,999",Doctoral degree,Research Scientist,"> 10,000 employees",Male,5
"125,000 to 149,999",Doctoral degree,Research Scientist,"> 10,000 employees",Female,1
"125,000 to 149,999",Doctoral degree,Research Scientist,250-999 employees,Male,1
"125,000 to 149,999",Doctoral degree,Research Scientist,250-999 employees,Female,1
"125,000 to 149,999",Doctoral degree,Research Scientist,50-249 employees,Male,4
"125,000 to 149,999",Doctoral degree,Research Scientist,0-49 employees,Male,1
"125,000 to 149,999",Doctoral degree,Research Scientist,0-49 employees,Female,1
"125,000 to 149,999",Doctoral degree,Data Scientist,"> 10,000 employees",Male,10
"125,000 to 149,999",Doctoral degree,Data Scientist,"> 10,000 employees",Female,2
"125,000 to 149,999",Doctoral degree,Data Scientist,"1000-9,999 employees",Male,10
"125,000 to 149,999",Doctoral degree,Data Scientist,"1000-9,999 employees",Female,5
"125,000 to 149,999",Doctoral degree,Data Scientist,"1000-9,999 employees",Not Mentioned,1
"125,000 to 149,999",Doctoral degree,Data Scientist,250-999 employees,Male,2
"125,000 to 149,999",Doctoral degree,Data Scientist,250-999 employees,Female,1
"125,000 to 149,999",Doctoral degree,Data Scientist,50-249 employees,Male,7
"125,000 to 149,999",Doctoral degree,Data Scientist,0-49 employees,Male,5
"125,000 to 149,999",Doctoral degree,Data Scientist,0-49 employees,Female,1
"125,000 to 149,999",Doctoral degree,Data Scientist,0-49 employees,Not Mentioned,1
"125,000 to 149,999",Doctoral degree,Product/Project Manager,"1000-9,999 employees",Male,2
"125,000 to 149,999",Doctoral degree,Product/Project Manager,"1000-9,999 employees",Female,1
"125,000 to 149,999",Doctoral degree,Business Analyst,"> 10,000 employees",Male,1
"125,000 to 149,999",Doctoral degree,Business Analyst,"1000-9,999 employees",Male,1
"125,000 to 149,999",Doctoral degree,Business Analyst,0-49 employees,Male,1
"125,000 to 149,999",Doctoral degree,Statistician,"> 10,000 employees",Female,1
"125,000 to 149,999",Doctoral degree,Software Engineer,"> 10,000 employees",Male,3
"125,000 to 149,999",Doctoral degree,Software Engineer,"> 10,000 employees",Female,2
"125,000 to 149,999",Doctoral degree,Software Engineer,"1000-9,999 employees",Male,2
"125,000 to 149,999",Doctoral degree,Software Engineer,250-999 employees,Male,1
"125,000 to 149,999",Doctoral degree,Software Engineer,50-249 employees,Male,1
"125,000 to 149,999",Doctoral degree,Software Engineer,0-49 employees,Male,1
"125,000 to 149,999",Doctoral degree,Other,"> 10,000 employees",Male,2
"125,000 to 149,999",Doctoral degree,Other,"1000-9,999 employees",Male,2
"125,000 to 149,999",Doctoral degree,Other,250-999 employees,Female,1
"125,000 to 149,999",Doctoral degree,Other,0-49 employees,Male,1
"125,000 to 149,999",Master's degree,Research Scientist,"> 10,000 employees",Male,1
"125,000 to 149,999",Master's degree,Research Scientist,"1000-9,999 employees",Male,1
"125,000 to 149,999",Master's degree,Research Scientist,250-999 employees,Male,2
"125,000 to 149,999",Master's degree,Research Scientist,250-999 employees,Female,1
"125,000 to 149,999",Master's degree,Research Scientist,50-249 employees,Male,3
"125,000 to 149,999",Master's degree,Research Scientist,0-49 employees,Male,1
"125,000 to 149,999",Master's degree,Data Scientist,"> 10,000 employees",Male,24
"125,000 to 149,999",Master's degree,Data Scientist,"> 10,000 employees",Female,7
"125,000 to 149,999",Master's degree,Data Scientist,"1000-9,999 employees",Male,13
"125,000 to 149,999",Master's degree,Data Scientist,"1000-9,999 employees",Female,1
"125,000 to 149,999",Master's degree,Data Scientist,250-999 employees,Male,5
"125,000 to 149,999",Master's degree,Data Scientist,250-999 employees,Female,3
"125,000 to 149,999",Master's degree,Data Scientist,50-249 employees,Male,8
"125,000 to 149,999",Master's degree,Data Scientist,50-249 employees,Female,2
"125,000 to 149,999",Master's degree,Data Scientist,50-249 employees,Not Mentioned,1
"125,000 to 149,999",Master's degree,Data Scientist,0-49 employees,Male,9
"125,000 to 149,999",Master's degree,Data Scientist,0-49 employees,Female,3
"125,000 to 149,999",Master's degree,Product/Project Manager,"> 10,000 employees",Male,3
"125,000 to 149,999",Master's degree,Product/Project Manager,"1000-9,999 employees",Male,1
"125,000 to 149,999",Master's degree,Product/Project Manager,250-999 employees,Male,1
"125,000 to 149,999",Master's degree,Product/Project Manager,250-999 employees,Female,2
"125,000 to 149,999",Master's degree,Product/Project Manager,250-999 employees,Not Mentioned,1
"125,000 to 149,999",Master's degree,Product/Project Manager,50-249 employees,Male,2
"125,000 to 149,999",Master's degree,Product/Project Manager,0-49 employees,Male,1
"125,000 to 149,999",Master's degree,Product/Project Manager,0-49 employees,Female,1
"125,000 to 149,999",Master's degree,Business Analyst,"> 10,000 employees",Male,1
"125,000 to 149,999",Master's degree,Business Analyst,"1000-9,999 employees",Male,2
"125,000 to 149,999",Master's degree,Business Analyst,"1000-9,999 employees",Female,1
"125,000 to 149,999",Master's degree,Business Analyst,50-249 employees,Male,1
"125,000 to 149,999",Master's degree,Statistician,250-999 employees,Male,1
"125,000 to 149,999",Master's degree,Statistician,50-249 employees,Female,1
"125,000 to 149,999",Master's degree,Data Analyst,"> 10,000 employees",Male,3
"125,000 to 149,999",Master's degree,Data Analyst,"1000-9,999 employees",Male,4
"125,000 to 149,999",Master's degree,Data Analyst,"1000-9,999 employees",Female,1
"125,000 to 149,999",Master's degree,Data Analyst,250-999 employees,Female,1
"125,000 to 149,999",Master's degree,Data Analyst,50-249 employees,Male,2
"125,000 to 149,999",Master's degree,Data Analyst,50-249 employees,Female,2
"125,000 to 149,999",Master's degree,Data Analyst,0-49 employees,Female,1
"125,000 to 149,999",Master's degree,Data Engineer,"> 10,000 employees",Female,2
"125,000 to 149,999",Master's degree,Data Engineer,"1000-9,999 employees",Male,3
"125,000 to 149,999",Master's degree,Data Engineer,"1000-9,999 employees",Female,1
"125,000 to 149,999",Master's degree,Data Engineer,250-999 employees,Male,1
"125,000 to 149,999",Master's degree,Data Engineer,0-49 employees,Male,1
"125,000 to 149,999",Master's degree,DBA/Database Engineer,"> 10,000 employees",Male,1
"125,000 to 149,999",Master's degree,DBA/Database Engineer,"> 10,000 employees",Female,1
"125,000 to 149,999",Master's degree,DBA/Database Engineer,"1000-9,999 employees",Male,1
"125,000 to 149,999",Master's degree,Software Engineer,"> 10,000 employees",Male,9
"125,000 to 149,999",Master's degree,Software Engineer,"> 10,000 employees",Female,3
"125,000 to 149,999",Master's degree,Software Engineer,"1000-9,999 employees",Male,6
"125,000 to 149,999",Master's degree,Software Engineer,"1000-9,999 employees",Female,1
"125,000 to 149,999",Master's degree,Software Engineer,250-999 employees,Male,3
"125,000 to 149,999",Master's degree,Software Engineer,50-249 employees,Male,3
"125,000 to 149,999",Master's degree,Software Engineer,0-49 employees,Male,4
"125,000 to 149,999",Master's degree,Other,"> 10,000 employees",Male,5
"125,000 to 149,999",Master's degree,Other,"> 10,000 employees",Female,2
"125,000 to 149,999",Master's degree,Other,"1000-9,999 employees",Male,3
"125,000 to 149,999",Master's degree,Other,50-249 employees,Male,1
"125,000 to 149,999",Bachelor's degree,Data Scientist,"> 10,000 employees",Male,5
"125,000 to 149,999",Bachelor's degree,Data Scientist,"> 10,000 employees",Female,1
"125,000 to 149,999",Bachelor's degree,Data Scientist,"1000-9,999 employees",Male,3
"125,000 to 149,999",Bachelor's degree,Data Scientist,250-999 employees,Male,1
"125,000 to 149,999",Bachelor's degree,Data Scientist,250-999 employees,Female,1
"125,000 to 149,999",Bachelor's degree,Data Scientist,50-249 employees,Male,4
"125,000 to 149,999",Bachelor's degree,Data Scientist,0-49 employees,Male,1
"125,000 to 149,999",Bachelor's degree,Product/Project Manager,"> 10,000 employees",Female,1
"125,000 to 149,999",Bachelor's degree,Product/Project Manager,"1000-9,999 employees",Male,1
"125,000 to 149,999",Bachelor's degree,Business Analyst,"> 10,000 employees",Male,1
"125,000 to 149,999",Bachelor's degree,Business Analyst,"1000-9,999 employees",Male,1
"125,000 to 149,999",Bachelor's degree,Business Analyst,0-49 employees,Male,1
"125,000 to 149,999",Bachelor's degree,Statistician,"> 10,000 employees",Male,2
"125,000 to 149,999",Bachelor's degree,Data Analyst,"> 10,000 employees",Male,3
"125,000 to 149,999",Bachelor's degree,Data Analyst,"> 10,000 employees",Female,1
"125,000 to 149,999",Bachelor's degree,Data Analyst,"1000-9,999 employees",Male,1
"125,000 to 149,999",Bachelor's degree,Data Engineer,"> 10,000 employees",Male,3
"125,000 to 149,999",Bachelor's degree,Data Engineer,"1000-9,999 employees",Male,3
"125,000 to 149,999",Bachelor's degree,Data Engineer,250-999 employees,Male,1
"125,000 to 149,999",Bachelor's degree,Data Engineer,50-249 employees,Male,1
"125,000 to 149,999",Bachelor's degree,Data Engineer,0-49 employees,Male,1
"125,000 to 149,999",Bachelor's degree,DBA/Database Engineer,50-249 employees,Male,1
"125,000 to 149,999",Bachelor's degree,Software Engineer,"> 10,000 employees",Male,2
"125,000 to 149,999",Bachelor's degree,Software Engineer,"1000-9,999 employees",Male,1
"125,000 to 149,999",Bachelor's degree,Software Engineer,250-999 employees,Male,1
"125,000 to 149,999",Bachelor's degree,Software Engineer,50-249 employees,Male,1
"125,000 to 149,999",Bachelor's degree,Software Engineer,0-49 employees,Male,4
"125,000 to 149,999",Bachelor's degree,Other,"> 10,000 employees",Male,2
"125,000 to 149,999",Bachelor's degree,Other,"1000-9,999 employees",Male,1
"125,000 to 149,999",Bachelor's degree,Other,"1000-9,999 employees",Female,1
"125,000 to 149,999",Bachelor's degree,Other,250-999 employees,Male,2
"125,000 to 149,999",Bachelor's degree,Other,50-249 employees,Male,1
"125,000 to 149,999",Bachelor's degree,Other,0-49 employees,Male,1
"125,000 to 149,999",Professional degree,Data Scientist,0-49 employees,Male,1
"125,000 to 149,999",Professional degree,Business Analyst,50-249 employees,Male,1
"125,000 to 149,999",Professional degree,Software Engineer,50-249 employees,Male,1
"125,000 to 149,999",Some college/university,Data Scientist,250-999 employees,Male,1
"125,000 to 149,999",Some college/university,Product/Project Manager,"> 10,000 employees",Male,1
"125,000 to 149,999",Some college/university,Product/Project Manager,50-249 employees,Male,1
"125,000 to 149,999",Some college/university,Software Engineer,"1000-9,999 employees",Male,2
"125,000 to 149,999",I prefer not to answer,Data Scientist,50-249 employees,Male,1
"125,000 to 149,999",I prefer not to answer,Software Engineer,0-49 employees,Not Mentioned,1
"100,000 to 124,999",Doctoral degree,Research Scientist,"> 10,000 employees",Male,6
"100,000 to 124,999",Doctoral degree,Research Scientist,"1000-9,999 employees",Male,5
"100,000 to 124,999",Doctoral degree,Research Scientist,250-999 employees,Male,1
"100,000 to 124,999",Doctoral degree,Research Scientist,50-249 employees,Male,3
"100,000 to 124,999",Doctoral degree,Research Scientist,0-49 employees,Male,5
"100,000 to 124,999",Doctoral degree,Research Scientist,0-49 employees,Female,1
"100,000 to 124,999",Doctoral degree,Data Scientist,"> 10,000 employees",Male,10
"100,000 to 124,999",Doctoral degree,Data Scientist,"> 10,000 employees",Female,4
"100,000 to 124,999",Doctoral degree,Data Scientist,"1000-9,999 employees",Male,9
"100,000 to 124,999",Doctoral degree,Data Scientist,50-249 employees,Male,4
"100,000 to 124,999",Doctoral degree,Data Scientist,0-49 employees,Male,4
"100,000 to 124,999",Doctoral degree,Data Scientist,0-49 employees,Female,2
"100,000 to 124,999",Doctoral degree,Product/Project Manager,"> 10,000 employees",Female,1
"100,000 to 124,999",Doctoral degree,Product/Project Manager,50-249 employees,Male,1
"100,000 to 124,999",Doctoral degree,Product/Project Manager,0-49 employees,Female,1
"100,000 to 124,999",Doctoral degree,Statistician,250-999 employees,Male,1
"100,000 to 124,999",Doctoral degree,Data Analyst,"> 10,000 employees",Female,1
"100,000 to 124,999",Doctoral degree,Data Analyst,"1000-9,999 employees",Female,1
"100,000 to 124,999",Doctoral degree,Data Analyst,250-999 employees,Male,1
"100,000 to 124,999",Doctoral degree,Data Analyst,0-49 employees,Male,2
"100,000 to 124,999",Doctoral degree,Data Engineer,"> 10,000 employees",Male,1
"100,000 to 124,999",Doctoral degree,Data Engineer,0-49 employees,Male,1
"100,000 to 124,999",Doctoral degree,Software Engineer,"> 10,000 employees",Male,1
"100,000 to 124,999",Doctoral degree,Software Engineer,"1000-9,999 employees",Male,1
"100,000 to 124,999",Doctoral degree,Software Engineer,0-49 employees,Male,2
"100,000 to 124,999",Doctoral degree,Other,"> 10,000 employees",Male,2
"100,000 to 124,999",Doctoral degree,Other,250-999 employees,Male,2
"100,000 to 124,999",Doctoral degree,Other,50-249 employees,Male,1
"100,000 to 124,999",Doctoral degree,Other,0-49 employees,Male,4
"100,000 to 124,999",Master's degree,Research Scientist,"> 10,000 employees",Male,1
"100,000 to 124,999",Master's degree,Research Scientist,"1000-9,999 employees",Female,1
"100,000 to 124,999",Master's degree,Data Scientist,"> 10,000 employees",Male,22
"100,000 to 124,999",Master's degree,Data Scientist,"> 10,000 employees",Female,9
"100,000 to 124,999",Master's degree,Data Scientist,"1000-9,999 employees",Male,12
"100,000 to 124,999",Master's degree,Data Scientist,"1000-9,999 employees",Female,8
"100,000 to 124,999",Master's degree,Data Scientist,250-999 employees,Male,9
"100,000 to 124,999",Master's degree,Data Scientist,250-999 employees,Female,2
"100,000 to 124,999",Master's degree,Data Scientist,250-999 employees,Self Describe,1
"100,000 to 124,999",Master's degree,Data Scientist,250-999 employees,Not Mentioned,1
"100,000 to 124,999",Master's degree,Data Scientist,50-249 employees,Male,5
"100,000 to 124,999",Master's degree,Data Scientist,50-249 employees,Female,3
"100,000 to 124,999",Master's degree,Data Scientist,0-49 employees,Male,13
"100,000 to 124,999",Master's degree,Data Scientist,0-49 employees,Female,3
"100,000 to 124,999",Master's degree,Product/Project Manager,"> 10,000 employees",Male,4
"100,000 to 124,999",Master's degree,Product/Project Manager,"1000-9,999 employees",Male,3
"100,000 to 124,999",Master's degree,Product/Project Manager,250-999 employees,Male,3
"100,000 to 124,999",Master's degree,Product/Project Manager,50-249 employees,Male,2
"100,000 to 124,999",Master's degree,Product/Project Manager,0-49 employees,Male,1
"100,000 to 124,999",Master's degree,Business Analyst,"> 10,000 employees",Male,5
"100,000 to 124,999",Master's degree,Business Analyst,"1000-9,999 employees",Male,1
"100,000 to 124,999",Master's degree,Business Analyst,50-249 employees,Female,1
"100,000 to 124,999",Master's degree,Statistician,"> 10,000 employees",Male,1
"100,000 to 124,999",Master's degree,Statistician,"> 10,000 employees",Female,1
"100,000 to 124,999",Master's degree,Statistician,"1000-9,999 employees",Male,1
"100,000 to 124,999",Master's degree,Statistician,250-999 employees,Male,1
"100,000 to 124,999",Master's degree,Data Analyst,"> 10,000 employees",Male,9
"100,000 to 124,999",Master's degree,Data Analyst,"> 10,000 employees",Female,1
"100,000 to 124,999",Master's degree,Data Analyst,"1000-9,999 employees",Male,2
"100,000 to 124,999",Master's degree,Data Analyst,"1000-9,999 employees",Female,1
"100,000 to 124,999",Master's degree,Data Analyst,250-999 employees,Male,6
"100,000 to 124,999",Master's degree,Data Analyst,50-249 employees,Female,4
"100,000 to 124,999",Master's degree,Data Analyst,0-49 employees,Male,1
"100,000 to 124,999",Master's degree,Data Analyst,0-49 employees,Female,1
"100,000 to 124,999",Master's degree,Data Engineer,"> 10,000 employees",Male,3
"100,000 to 124,999",Master's degree,Data Engineer,"1000-9,999 employees",Male,1
"100,000 to 124,999",Master's degree,Data Engineer,"1000-9,999 employees",Female,1
"100,000 to 124,999",Master's degree,Data Engineer,250-999 employees,Male,2
"100,000 to 124,999",Master's degree,Data Engineer,50-249 employees,Male,2
"100,000 to 124,999",Master's degree,Data Engineer,50-249 employees,Female,1
"100,000 to 124,999",Master's degree,Data Engineer,0-49 employees,Male,2
"100,000 to 124,999",Master's degree,DBA/Database Engineer,0-49 employees,Male,1
"100,000 to 124,999",Master's degree,Software Engineer,"> 10,000 employees",Male,9
"100,000 to 124,999",Master's degree,Software Engineer,"> 10,000 employees",Female,1
"100,000 to 124,999",Master's degree,Software Engineer,"1000-9,999 employees",Male,5
"100,000 to 124,999",Master's degree,Software Engineer,250-999 employees,Male,5
"100,000 to 124,999",Master's degree,Software Engineer,50-249 employees,Male,1
"100,000 to 124,999",Master's degree,Software Engineer,0-49 employees,Male,4
"100,000 to 124,999",Master's degree,Other,"> 10,000 employees",Male,7
"100,000 to 124,999",Master's degree,Other,"> 10,000 employees",Female,2
"100,000 to 124,999",Master's degree,Other,"1000-9,999 employees",Male,5
"100,000 to 124,999",Master's degree,Other,50-249 employees,Male,2
"100,000 to 124,999",Master's degree,Other,0-49 employees,Male,2
"100,000 to 124,999",Bachelor's degree,Research Scientist,50-249 employees,Male,1
"100,000 to 124,999",Bachelor's degree,Data Scientist,"> 10,000 employees",Male,8
"100,000 to 124,999",Bachelor's degree,Data Scientist,"1000-9,999 employees",Male,4
"100,000 to 124,999",Bachelor's degree,Data Scientist,"1000-9,999 employees",Female,1
"100,000 to 124,999",Bachelor's degree,Data Scientist,250-999 employees,Male,4
"100,000 to 124,999",Bachelor's degree,Data Scientist,50-249 employees,Male,1
"100,000 to 124,999",Bachelor's degree,Data Scientist,50-249 employees,Female,1
"100,000 to 124,999",Bachelor's degree,Data Scientist,0-49 employees,Male,3
"100,000 to 124,999",Bachelor's degree,Product/Project Manager,"> 10,000 employees",Male,3
"100,000 to 124,999",Bachelor's degree,Product/Project Manager,"1000-9,999 employees",Male,1
"100,000 to 124,999",Bachelor's degree,Product/Project Manager,50-249 employees,Male,1
"100,000 to 124,999",Bachelor's degree,Product/Project Manager,50-249 employees,Female,1
"100,000 to 124,999",Bachelor's degree,Product/Project Manager,0-49 employees,Male,2
"100,000 to 124,999",Bachelor's degree,Business Analyst,"> 10,000 employees",Male,3
"100,000 to 124,999",Bachelor's degree,Business Analyst,"1000-9,999 employees",Male,1
"100,000 to 124,999",Bachelor's degree,Business Analyst,0-49 employees,Male,1
"100,000 to 124,999",Bachelor's degree,Data Analyst,"> 10,000 employees",Male,3
"100,000 to 124,999",Bachelor's degree,Data Analyst,"> 10,000 employees",Female,1
"100,000 to 124,999",Bachelor's degree,Data Analyst,250-999 employees,Male,1
"100,000 to 124,999",Bachelor's degree,Data Analyst,50-249 employees,Male,2
"100,000 to 124,999",Bachelor's degree,Data Analyst,50-249 employees,Not Mentioned,1
"100,000 to 124,999",Bachelor's degree,Data Engineer,"> 10,000 employees",Male,1
"100,000 to 124,999",Bachelor's degree,Data Engineer,"1000-9,999 employees",Male,2
"100,000 to 124,999",Bachelor's degree,Data Engineer,250-999 employees,Male,2
"100,000 to 124,999",Bachelor's degree,Data Engineer,50-249 employees,Male,5
"100,000 to 124,999",Bachelor's degree,Data Engineer,0-49 employees,Male,1
"100,000 to 124,999",Bachelor's degree,DBA/Database Engineer,0-49 employees,Male,1
"100,000 to 124,999",Bachelor's degree,Software Engineer,"> 10,000 employees",Male,6
"100,000 to 124,999",Bachelor's degree,Software Engineer,"1000-9,999 employees",Male,6
"100,000 to 124,999",Bachelor's degree,Software Engineer,250-999 employees,Male,1
"100,000 to 124,999",Bachelor's degree,Software Engineer,250-999 employees,Not Mentioned,1
"100,000 to 124,999",Bachelor's degree,Software Engineer,50-249 employees,Male,2
"100,000 to 124,999",Bachelor's degree,Software Engineer,50-249 employees,Female,1
"100,000 to 124,999",Bachelor's degree,Software Engineer,0-49 employees,Male,3
"100,000 to 124,999",Bachelor's degree,Other,"> 10,000 employees",Male,2
"100,000 to 124,999",Bachelor's degree,Other,"1000-9,999 employees",Male,1
"100,000 to 124,999",Bachelor's degree,Other,250-999 employees,Male,1
"100,000 to 124,999",Bachelor's degree,Other,50-249 employees,Male,1
"100,000 to 124,999",Bachelor's degree,Other,0-49 employees,Male,1
"100,000 to 124,999",Professional degree,Research Scientist,50-249 employees,Male,1
"100,000 to 124,999",Professional degree,Data Scientist,0-49 employees,Male,1
"100,000 to 124,999",Professional degree,Data Analyst,"1000-9,999 employees",Male,1
"100,000 to 124,999",Professional degree,Software Engineer,"> 10,000 employees",Male,1
"100,000 to 124,999",Professional degree,Other,0-49 employees,Female,1
"100,000 to 124,999",Some college/university,Product/Project Manager,0-49 employees,Male,1
"100,000 to 124,999",Some college/university,Business Analyst,"> 10,000 employees",Female,1
"100,000 to 124,999",Some college/university,Business Analyst,50-249 employees,Male,1
"100,000 to 124,999",Some college/university,Data Analyst,"1000-9,999 employees",Male,1
"100,000 to 124,999",Some college/university,Software Engineer,0-49 employees,Male,1
"100,000 to 124,999",Some college/university,Other,"> 10,000 employees",Male,1
"100,000 to 124,999",Some college/university,Other,"1000-9,999 employees",Female,1
"100,000 to 124,999",High School,Software Engineer,50-249 employees,Male,1
"100,000 to 124,999",I prefer not to answer,Product/Project Manager,"1000-9,999 employees",Male,1
"100,000 to 124,999",I prefer not to answer,Software Engineer,"> 10,000 employees",Male,1
"90,000 to 99,999",Doctoral degree,Research Scientist,"> 10,000 employees",Male,1
"90,000 to 99,999",Doctoral degree,Research Scientist,"1000-9,999 employees",Male,2
"90,000 to 99,999",Doctoral degree,Research Scientist,250-999 employees,Male,2
"90,000 to 99,999",Doctoral degree,Research Scientist,250-999 employees,Female,1
"90,000 to 99,999",Doctoral degree,Research Scientist,0-49 employees,Male,3
"90,000 to 99,999",Doctoral degree,Data Scientist,"> 10,000 employees",Female,1
"90,000 to 99,999",Doctoral degree,Data Scientist,"1000-9,999 employees",Male,5
"90,000 to 99,999",Doctoral degree,Data Scientist,"1000-9,999 employees",Female,1
"90,000 to 99,999",Doctoral degree,Data Scientist,50-249 employees,Male,1
"90,000 to 99,999",Doctoral degree,Data Scientist,0-49 employees,Male,1
"90,000 to 99,999",Doctoral degree,Data Scientist,0-49 employees,Female,1
"90,000 to 99,999",Doctoral degree,Product/Project Manager,"1000-9,999 employees",Female,1
"90,000 to 99,999",Doctoral degree,Product/Project Manager,250-999 employees,Male,1
"90,000 to 99,999",Doctoral degree,Statistician,"> 10,000 employees",Male,2
"90,000 to 99,999",Doctoral degree,Data Analyst,"1000-9,999 employees",Male,2
"90,000 to 99,999",Doctoral degree,Data Analyst,"1000-9,999 employees",Female,1
"90,000 to 99,999",Doctoral degree,Data Analyst,50-249 employees,Male,2
"90,000 to 99,999",Doctoral degree,Data Analyst,50-249 employees,Female,1
"90,000 to 99,999",Doctoral degree,Other,"1000-9,999 employees",Female,1
"90,000 to 99,999",Doctoral degree,Other,250-999 employees,Male,2
"90,000 to 99,999",Doctoral degree,Other,50-249 employees,Male,1
"90,000 to 99,999",Master's degree,Research Scientist,50-249 employees,Male,3
"90,000 to 99,999",Master's degree,Research Scientist,50-249 employees,Female,1
"90,000 to 99,999",Master's degree,Data Scientist,"> 10,000 employees",Male,3
"90,000 to 99,999",Master's degree,Data Scientist,"> 10,000 employees",Female,4
"90,000 to 99,999",Master's degree,Data Scientist,"1000-9,999 employees",Male,6
"90,000 to 99,999",Master's degree,Data Scientist,"1000-9,999 employees",Female,1
"90,000 to 99,999",Master's degree,Data Scientist,250-999 employees,Male,4
"90,000 to 99,999",Master's degree,Data Scientist,50-249 employees,Male,1
"90,000 to 99,999",Master's degree,Data Scientist,0-49 employees,Male,2
"90,000 to 99,999",Master's degree,Data Scientist,0-49 employees,Female,1
"90,000 to 99,999",Master's degree,Product/Project Manager,"> 10,000 employees",Male,1
"90,000 to 99,999",Master's degree,Product/Project Manager,50-249 employees,Female,1
"90,000 to 99,999",Master's degree,Product/Project Manager,0-49 employees,Male,1
"90,000 to 99,999",Master's degree,Business Analyst,"> 10,000 employees",Female,1
"90,000 to 99,999",Master's degree,Business Analyst,"1000-9,999 employees",Male,1
"90,000 to 99,999",Master's degree,Business Analyst,"1000-9,999 employees",Female,1
"90,000 to 99,999",Master's degree,Business Analyst,50-249 employees,Male,1
"90,000 to 99,999",Master's degree,Statistician,"> 10,000 employees",Female,1
"90,000 to 99,999",Master's degree,Statistician,"1000-9,999 employees",Male,1
"90,000 to 99,999",Master's degree,Data Analyst,"> 10,000 employees",Male,5
"90,000 to 99,999",Master's degree,Data Analyst,"> 10,000 employees",Female,1
"90,000 to 99,999",Master's degree,Data Analyst,"1000-9,999 employees",Male,4
"90,000 to 99,999",Master's degree,Data Analyst,250-999 employees,Male,3
"90,000 to 99,999",Master's degree,Data Analyst,250-999 employees,Female,2
"90,000 to 99,999",Master's degree,Data Analyst,50-249 employees,Male,2
"90,000 to 99,999",Master's degree,Data Engineer,"> 10,000 employees",Male,1
"90,000 to 99,999",Master's degree,Data Engineer,"1000-9,999 employees",Male,2
"90,000 to 99,999",Master's degree,DBA/Database Engineer,"1000-9,999 employees",Male,1
"90,000 to 99,999",Master's degree,DBA/Database Engineer,250-999 employees,Female,1
"90,000 to 99,999",Master's degree,Software Engineer,"> 10,000 employees",Male,3
"90,000 to 99,999",Master's degree,Software Engineer,"> 10,000 employees",Female,1
"90,000 to 99,999",Master's degree,Software Engineer,"1000-9,999 employees",Male,1
"90,000 to 99,999",Master's degree,Software Engineer,250-999 employees,Male,1
"90,000 to 99,999",Master's degree,Software Engineer,50-249 employees,Male,1
"90,000 to 99,999",Master's degree,Software Engineer,50-249 employees,Female,1
"90,000 to 99,999",Master's degree,Software Engineer,0-49 employees,Male,1
"90,000 to 99,999",Master's degree,Other,"> 10,000 employees",Male,1
"90,000 to 99,999",Master's degree,Other,"1000-9,999 employees",Female,2
"90,000 to 99,999",Master's degree,Other,50-249 employees,Male,2
"90,000 to 99,999",Master's degree,Other,0-49 employees,Male,1
"90,000 to 99,999",Master's degree,Other,0-49 employees,Female,1
"90,000 to 99,999",Bachelor's degree,Data Scientist,"> 10,000 employees",Male,1
"90,000 to 99,999",Bachelor's degree,Data Scientist,"> 10,000 employees",Female,1
"90,000 to 99,999",Bachelor's degree,Data Scientist,"1000-9,999 employees",Male,1
"90,000 to 99,999",Bachelor's degree,Data Scientist,250-999 employees,Female,1
"90,000 to 99,999",Bachelor's degree,Data Scientist,50-249 employees,Male,4
"90,000 to 99,999",Bachelor's degree,Product/Project Manager,"> 10,000 employees",Male,2
"90,000 to 99,999",Bachelor's degree,Product/Project Manager,250-999 employees,Male,1
"90,000 to 99,999",Bachelor's degree,Product/Project Manager,0-49 employees,Female,1
"90,000 to 99,999",Bachelor's degree,Business Analyst,"> 10,000 employees",Female,1
"90,000 to 99,999",Bachelor's degree,Business Analyst,"1000-9,999 employees",Male,1
"90,000 to 99,999",Bachelor's degree,Business Analyst,"1000-9,999 employees",Female,1
"90,000 to 99,999",Bachelor's degree,Data Analyst,"> 10,000 employees",Male,1
"90,000 to 99,999",Bachelor's degree,Data Analyst,"1000-9,999 employees",Male,3
"90,000 to 99,999",Bachelor's degree,Data Analyst,"1000-9,999 employees",Female,1
"90,000 to 99,999",Bachelor's degree,Data Analyst,0-49 employees,Male,1
"90,000 to 99,999",Bachelor's degree,Data Engineer,"1000-9,999 employees",Male,1
"90,000 to 99,999",Bachelor's degree,Data Engineer,250-999 employees,Male,1
"90,000 to 99,999",Bachelor's degree,DBA/Database Engineer,"> 10,000 employees",Male,1
"90,000 to 99,999",Bachelor's degree,Software Engineer,"> 10,000 employees",Male,3
"90,000 to 99,999",Bachelor's degree,Software Engineer,"> 10,000 employees",Female,1
"90,000 to 99,999",Bachelor's degree,Software Engineer,"1000-9,999 employees",Male,1
"90,000 to 99,999",Bachelor's degree,Software Engineer,250-999 employees,Male,1
"90,000 to 99,999",Bachelor's degree,Software Engineer,50-249 employees,Male,2
"90,000 to 99,999",Bachelor's degree,Software Engineer,0-49 employees,Male,3
"90,000 to 99,999",Bachelor's degree,Other,"> 10,000 employees",Male,1
"90,000 to 99,999",Bachelor's degree,Other,50-249 employees,Male,2
"90,000 to 99,999",Professional degree,Statistician,"> 10,000 employees",Male,1
"90,000 to 99,999",Some college/university,Product/Project Manager,"1000-9,999 employees",Male,1
"90,000 to 99,999",Some college/university,Software Engineer,0-49 employees,Male,1
"90,000 to 99,999",Some college/university,Other,"> 10,000 employees",Male,1
"80,000 to 89,999",Doctoral degree,Research Scientist,"> 10,000 employees",Male,1
"80,000 to 89,999",Doctoral degree,Research Scientist,"1000-9,999 employees",Female,1
"80,000 to 89,999",Doctoral degree,Research Scientist,250-999 employees,Male,1
"80,000 to 89,999",Doctoral degree,Research Scientist,0-49 employees,Male,1
"80,000 to 89,999",Doctoral degree,Data Scientist,"1000-9,999 employees",Male,1
"80,000 to 89,999",Doctoral degree,Data Scientist,250-999 employees,Male,1
"80,000 to 89,999",Doctoral degree,Statistician,"> 10,000 employees",Male,1
"80,000 to 89,999",Doctoral degree,Statistician,250-999 employees,Male,1
"80,000 to 89,999",Doctoral degree,Data Engineer,"1000-9,999 employees",Male,1
"80,000 to 89,999",Doctoral degree,Other,50-249 employees,Male,1
"80,000 to 89,999",Master's degree,Research Scientist,"> 10,000 employees",Male,2
"80,000 to 89,999",Master's degree,Research Scientist,"1000-9,999 employees",Male,1
"80,000 to 89,999",Master's degree,Data Scientist,"> 10,000 employees",Male,6
"80,000 to 89,999",Master's degree,Data Scientist,"> 10,000 employees",Female,2
"80,000 to 89,999",Master's degree,Data Scientist,"1000-9,999 employees",Male,6
"80,000 to 89,999",Master's degree,Data Scientist,"1000-9,999 employees",Female,1
"80,000 to 89,999",Master's degree,Data Scientist,250-999 employees,Male,3
"80,000 to 89,999",Master's degree,Data Scientist,250-999 employees,Female,1
"80,000 to 89,999",Master's degree,Data Scientist,50-249 employees,Male,4
"80,000 to 89,999",Master's degree,Data Scientist,0-49 employees,Male,6
"80,000 to 89,999",Master's degree,Data Scientist,0-49 employees,Female,2
"80,000 to 89,999",Master's degree,Product/Project Manager,"> 10,000 employees",Male,1
"80,000 to 89,999",Master's degree,Product/Project Manager,"1000-9,999 employees",Male,1
"80,000 to 89,999",Master's degree,Product/Project Manager,50-249 employees,Male,1
"80,000 to 89,999",Master's degree,Product/Project Manager,0-49 employees,Male,1
"80,000 to 89,999",Master's degree,Business Analyst,"> 10,000 employees",Male,2
"80,000 to 89,999",Master's degree,Business Analyst,"> 10,000 employees",Female,1
"80,000 to 89,999",Master's degree,Business Analyst,250-999 employees,Male,2
"80,000 to 89,999",Master's degree,Business Analyst,50-249 employees,Male,1
"80,000 to 89,999",Master's degree,Statistician,"1000-9,999 employees",Male,1
"80,000 to 89,999",Master's degree,Statistician,"1000-9,999 employees",Female,1
"80,000 to 89,999",Master's degree,Data Analyst,"> 10,000 employees",Male,6
"80,000 to 89,999",Master's degree,Data Analyst,"> 10,000 employees",Female,3
"80,000 to 89,999",Master's degree,Data Analyst,"1000-9,999 employees",Male,4
"80,000 to 89,999",Master's degree,Data Analyst,250-999 employees,Male,2
"80,000 to 89,999",Master's degree,Data Analyst,50-249 employees,Male,5
"80,000 to 89,999",Master's degree,Data Analyst,50-249 employees,Female,1
"80,000 to 89,999",Master's degree,Data Engineer,"> 10,000 employees",Male,1
"80,000 to 89,999",Master's degree,DBA/Database Engineer,50-249 employees,Male,1
"80,000 to 89,999",Master's degree,DBA/Database Engineer,50-249 employees,Female,1
"80,000 to 89,999",Master's degree,Software Engineer,"> 10,000 employees",Male,1
"80,000 to 89,999",Master's degree,Software Engineer,"1000-9,999 employees",Male,1
"80,000 to 89,999",Master's degree,Software Engineer,"1000-9,999 employees",Female,1
"80,000 to 89,999",Master's degree,Software Engineer,250-999 employees,Female,1
"80,000 to 89,999",Master's degree,Software Engineer,0-49 employees,Male,3
"80,000 to 89,999",Master's degree,Other,"> 10,000 employees",Male,5
"80,000 to 89,999",Master's degree,Other,"> 10,000 employees",Self Describe,1
"80,000 to 89,999",Master's degree,Other,"1000-9,999 employees",Male,3
"80,000 to 89,999",Master's degree,Other,250-999 employees,Male,3
"80,000 to 89,999",Master's degree,Other,250-999 employees,Female,1
"80,000 to 89,999",Master's degree,Other,0-49 employees,Male,3
"80,000 to 89,999",Bachelor's degree,Data Scientist,"> 10,000 employees",Female,1
"80,000 to 89,999",Bachelor's degree,Data Scientist,"1000-9,999 employees",Female,1
"80,000 to 89,999",Bachelor's degree,Data Scientist,250-999 employees,Male,4
"80,000 to 89,999",Bachelor's degree,Data Scientist,0-49 employees,Male,1
"80,000 to 89,999",Bachelor's degree,Data Scientist,0-49 employees,Female,1
"80,000 to 89,999",Bachelor's degree,Product/Project Manager,"> 10,000 employees",Male,1
"80,000 to 89,999",Bachelor's degree,Business Analyst,"> 10,000 employees",Male,2
"80,000 to 89,999",Bachelor's degree,Business Analyst,"> 10,000 employees",Not Mentioned,1
"80,000 to 89,999",Bachelor's degree,Data Analyst,"> 10,000 employees",Male,2
"80,000 to 89,999",Bachelor's degree,Data Analyst,"1000-9,999 employees",Male,2
"80,000 to 89,999",Bachelor's degree,Data Analyst,"1000-9,999 employees",Female,1
"80,000 to 89,999",Bachelor's degree,Data Analyst,50-249 employees,Male,1
"80,000 to 89,999",Bachelor's degree,Data Analyst,50-249 employees,Female,1
"80,000 to 89,999",Bachelor's degree,Data Analyst,0-49 employees,Female,1
"80,000 to 89,999",Bachelor's degree,Data Engineer,"> 10,000 employees",Male,1
"80,000 to 89,999",Bachelor's degree,DBA/Database Engineer,"1000-9,999 employees",Male,1
"80,000 to 89,999",Bachelor's degree,Software Engineer,"> 10,000 employees",Male,2
"80,000 to 89,999",Bachelor's degree,Software Engineer,"> 10,000 employees",Female,2
"80,000 to 89,999",Bachelor's degree,Software Engineer,"1000-9,999 employees",Female,1
"80,000 to 89,999",Bachelor's degree,Software Engineer,50-249 employees,Male,1
"80,000 to 89,999",Bachelor's degree,Software Engineer,0-49 employees,Male,3
"80,000 to 89,999",Bachelor's degree,Software Engineer,0-49 employees,Female,1
"80,000 to 89,999",Bachelor's degree,Other,"> 10,000 employees",Male,3
"80,000 to 89,999",Bachelor's degree,Other,"1000-9,999 employees",Female,1
"80,000 to 89,999",Bachelor's degree,Other,50-249 employees,Male,1
"80,000 to 89,999",Some college/university,Product/Project Manager,"1000-9,999 employees",Male,1
"80,000 to 89,999",Some college/university,Data Analyst,50-249 employees,Male,2
"80,000 to 89,999",Some college/university,Software Engineer,250-999 employees,Male,1
"70,000 to 79,999",Doctoral degree,Research Scientist,"> 10,000 employees",Male,1
"70,000 to 79,999",Doctoral degree,Research Scientist,"> 10,000 employees",Female,1
"70,000 to 79,999",Doctoral degree,Research Scientist,"1000-9,999 employees",Male,3
"70,000 to 79,999",Doctoral degree,Research Scientist,250-999 employees,Male,2
"70,000 to 79,999",Doctoral degree,Research Scientist,250-999 employees,Female,1
"70,000 to 79,999",Doctoral degree,Data Scientist,"> 10,000 employees",Male,1
"70,000 to 79,999",Doctoral degree,Data Scientist,"> 10,000 employees",Not Mentioned,1
"70,000 to 79,999",Doctoral degree,Data Scientist,"1000-9,999 employees",Male,1
"70,000 to 79,999",Doctoral degree,Data Scientist,50-249 employees,Male,1
"70,000 to 79,999",Doctoral degree,Data Scientist,0-49 employees,Male,2
"70,000 to 79,999",Doctoral degree,Data Scientist,0-49 employees,Female,1
"70,000 to 79,999",Doctoral degree,Product/Project Manager,0-49 employees,Female,1
"70,000 to 79,999",Doctoral degree,Statistician,"> 10,000 employees",Male,1
"70,000 to 79,999",Doctoral degree,Statistician,"1000-9,999 employees",Male,1
"70,000 to 79,999",Doctoral degree,Data Analyst,250-999 employees,Male,2
"70,000 to 79,999",Doctoral degree,Data Analyst,0-49 employees,Female,1
"70,000 to 79,999",Doctoral degree,Data Engineer,"1000-9,999 employees",Female,1
"70,000 to 79,999",Doctoral degree,Other,"> 10,000 employees",Male,2
"70,000 to 79,999",Doctoral degree,Other,0-49 employees,Male,1
"70,000 to 79,999",Master's degree,Research Scientist,"> 10,000 employees",Male,1
"70,000 to 79,999",Master's degree,Research Scientist,"1000-9,999 employees",Male,2
"70,000 to 79,999",Master's degree,Research Scientist,250-999 employees,Female,1
"70,000 to 79,999",Master's degree,Research Scientist,50-249 employees,Male,1
"70,000 to 79,999",Master's degree,Research Scientist,0-49 employees,Male,1
"70,000 to 79,999",Master's degree,Data Scientist,"> 10,000 employees",Male,1
"70,000 to 79,999",Master's degree,Data Scientist,"1000-9,999 employees",Male,5
"70,000 to 79,999",Master's degree,Data Scientist,"1000-9,999 employees",Female,1
"70,000 to 79,999",Master's degree,Data Scientist,"1000-9,999 employees",Not Mentioned,1
"70,000 to 79,999",Master's degree,Data Scientist,250-999 employees,Male,3
"70,000 to 79,999",Master's degree,Data Scientist,250-999 employees,Female,1
"70,000 to 79,999",Master's degree,Data Scientist,50-249 employees,Male,1
"70,000 to 79,999",Master's degree,Data Scientist,50-249 employees,Female,1
"70,000 to 79,999",Master's degree,Data Scientist,0-49 employees,Male,3
"70,000 to 79,999",Master's degree,Product/Project Manager,"1000-9,999 employees",Female,1
"70,000 to 79,999",Master's degree,Product/Project Manager,50-249 employees,Male,1
"70,000 to 79,999",Master's degree,Business Analyst,"> 10,000 employees",Female,1
"70,000 to 79,999",Master's degree,Business Analyst,"1000-9,999 employees",Male,2
"70,000 to 79,999",Master's degree,Business Analyst,0-49 employees,Male,1
"70,000 to 79,999",Master's degree,Statistician,"> 10,000 employees",Male,1
"70,000 to 79,999",Master's degree,Data Analyst,"> 10,000 employees",Male,3
"70,000 to 79,999",Master's degree,Data Analyst,"> 10,000 employees",Female,2
"70,000 to 79,999",Master's degree,Data Analyst,"1000-9,999 employees",Male,6
"70,000 to 79,999",Master's degree,Data Analyst,"1000-9,999 employees",Female,1
"70,000 to 79,999",Master's degree,Data Analyst,250-999 employees,Male,5
"70,000 to 79,999",Master's degree,Data Analyst,250-999 employees,Female,1
"70,000 to 79,999",Master's degree,Data Analyst,50-249 employees,Male,2
"70,000 to 79,999",Master's degree,Data Analyst,50-249 employees,Female,2
"70,000 to 79,999",Master's degree,Data Analyst,0-49 employees,Female,1
"70,000 to 79,999",Master's degree,Data Engineer,"1000-9,999 employees",Male,1
"70,000 to 79,999",Master's degree,Data Engineer,50-249 employees,Male,1
"70,000 to 79,999",Master's degree,Data Engineer,0-49 employees,Male,1
"70,000 to 79,999",Master's degree,Software Engineer,"> 10,000 employees",Male,2
"70,000 to 79,999",Master's degree,Software Engineer,"1000-9,999 employees",Male,3
"70,000 to 79,999",Master's degree,Software Engineer,250-999 employees,Female,1
"70,000 to 79,999",Master's degree,Software Engineer,50-249 employees,Female,1
"70,000 to 79,999",Master's degree,Other,"> 10,000 employees",Male,2
"70,000 to 79,999",Master's degree,Other,"> 10,000 employees",Female,2
"70,000 to 79,999",Master's degree,Other,"> 10,000 employees",Self Describe,1
"70,000 to 79,999",Master's degree,Other,"1000-9,999 employees",Male,1
"70,000 to 79,999",Master's degree,Other,"1000-9,999 employees",Female,4
"70,000 to 79,999",Bachelor's degree,Research Scientist,50-249 employees,Female,1
"70,000 to 79,999",Bachelor's degree,Data Scientist,"1000-9,999 employees",Male,1
"70,000 to 79,999",Bachelor's degree,Data Scientist,250-999 employees,Female,1
"70,000 to 79,999",Bachelor's degree,Data Scientist,0-49 employees,Male,2
"70,000 to 79,999",Bachelor's degree,Product/Project Manager,50-249 employees,Male,1
"70,000 to 79,999",Bachelor's degree,Business Analyst,"> 10,000 employees",Male,1
"70,000 to 79,999",Bachelor's degree,Business Analyst,"> 10,000 employees",Female,1
"70,000 to 79,999",Bachelor's degree,Business Analyst,0-49 employees,Male,2
"70,000 to 79,999",Bachelor's degree,Data Analyst,"> 10,000 employees",Male,2
"70,000 to 79,999",Bachelor's degree,Data Analyst,"1000-9,999 employees",Male,2
"70,000 to 79,999",Bachelor's degree,Data Analyst,250-999 employees,Male,2
"70,000 to 79,999",Bachelor's degree,Data Analyst,0-49 employees,Male,4
"70,000 to 79,999",Bachelor's degree,Data Analyst,0-49 employees,Female,1
"70,000 to 79,999",Bachelor's degree,Data Engineer,50-249 employees,Male,1
"70,000 to 79,999",Bachelor's degree,Software Engineer,"> 10,000 employees",Male,2
"70,000 to 79,999",Bachelor's degree,Software Engineer,"1000-9,999 employees",Female,1
"70,000 to 79,999",Bachelor's degree,Software Engineer,50-249 employees,Male,1
"70,000 to 79,999",Bachelor's degree,Software Engineer,50-249 employees,Female,1
"70,000 to 79,999",Bachelor's degree,Software Engineer,0-49 employees,Male,3
"70,000 to 79,999",Bachelor's degree,Other,"> 10,000 employees",Female,1
"70,000 to 79,999",Bachelor's degree,Other,"1000-9,999 employees",Female,1
"70,000 to 79,999",Bachelor's degree,Other,250-999 employees,Male,1
"70,000 to 79,999",Bachelor's degree,Other,0-49 employees,Male,1
"70,000 to 79,999",Some college/university,Product/Project Manager,250-999 employees,Male,1
"70,000 to 79,999",Some college/university,Business Analyst,"1000-9,999 employees",Female,1
"70,000 to 79,999",Some college/university,Data Analyst,"> 10,000 employees",Male,1
"70,000 to 79,999",Some college/university,Data Analyst,50-249 employees,Female,1
"70,000 to 79,999",Some college/university,Software Engineer,50-249 employees,Male,1
"70,000 to 79,999",Some college/university,Other,"> 10,000 employees",Male,2
"70,000 to 79,999",Some college/university,Other,"1000-9,999 employees",Male,1
"70,000 to 79,999",Some college/university,Other,50-249 employees,Male,1
"60,000 to 69,999",Doctoral degree,Research Scientist,"> 10,000 employees",Male,1
"60,000 to 69,999",Doctoral degree,Research Scientist,"1000-9,999 employees",Male,3
"60,000 to 69,999",Doctoral degree,Research Scientist,250-999 employees,Female,1
"60,000 to 69,999",Doctoral degree,Research Scientist,50-249 employees,Male,1
"60,000 to 69,999",Doctoral degree,Research Scientist,0-49 employees,Male,1
"60,000 to 69,999",Doctoral degree,Data Scientist,0-49 employees,Male,1
"60,000 to 69,999",Doctoral degree,Product/Project Manager,"1000-9,999 employees",Male,1
"60,000 to 69,999",Doctoral degree,Statistician,"1000-9,999 employees",Male,1
"60,000 to 69,999",Doctoral degree,Statistician,0-49 employees,Male,1
"60,000 to 69,999",Doctoral degree,Data Analyst,"1000-9,999 employees",Male,1
"60,000 to 69,999",Doctoral degree,Data Analyst,250-999 employees,Male,1
"60,000 to 69,999",Doctoral degree,Other,"1000-9,999 employees",Male,1
"60,000 to 69,999",Doctoral degree,Other,250-999 employees,Not Mentioned,1
"60,000 to 69,999",Doctoral degree,Other,50-249 employees,Male,1
"60,000 to 69,999",Master's degree,Research Scientist,"> 10,000 employees",Female,1
"60,000 to 69,999",Master's degree,Data Scientist,"> 10,000 employees",Male,1
"60,000 to 69,999",Master's degree,Data Scientist,250-999 employees,Male,1
"60,000 to 69,999",Master's degree,Data Scientist,50-249 employees,Male,2
"60,000 to 69,999",Master's degree,Data Scientist,0-49 employees,Male,2
"60,000 to 69,999",Master's degree,Product/Project Manager,250-999 employees,Female,1
"60,000 to 69,999",Master's degree,Business Analyst,"> 10,000 employees",Male,3
"60,000 to 69,999",Master's degree,Business Analyst,"1000-9,999 employees",Male,1
"60,000 to 69,999",Master's degree,Business Analyst,"1000-9,999 employees",Female,1
"60,000 to 69,999",Master's degree,Business Analyst,250-999 employees,Male,1
"60,000 to 69,999",Master's degree,Business Analyst,50-249 employees,Male,2
"60,000 to 69,999",Master's degree,Business Analyst,0-49 employees,Male,1
"60,000 to 69,999",Master's degree,Data Analyst,"1000-9,999 employees",Male,2
"60,000 to 69,999",Master's degree,Data Analyst,"1000-9,999 employees",Female,1
"60,000 to 69,999",Master's degree,Data Analyst,250-999 employees,Male,2
"60,000 to 69,999",Master's degree,Data Analyst,50-249 employees,Male,2
"60,000 to 69,999",Master's degree,Data Analyst,0-49 employees,Male,2
"60,000 to 69,999",Master's degree,Data Engineer,250-999 employees,Male,1
"60,000 to 69,999",Master's degree,Data Engineer,50-249 employees,Female,1
"60,000 to 69,999",Master's degree,Data Engineer,0-49 employees,Male,1
"60,000 to 69,999",Master's degree,DBA/Database Engineer,"> 10,000 employees",Male,1
"60,000 to 69,999",Master's degree,Software Engineer,"> 10,000 employees",Male,2
"60,000 to 69,999",Master's degree,Software Engineer,50-249 employees,Male,1
"60,000 to 69,999",Master's degree,Software Engineer,0-49 employees,Male,1
"60,000 to 69,999",Master's degree,Software Engineer,0-49 employees,Female,1
"60,000 to 69,999",Master's degree,Other,"> 10,000 employees",Male,3
"60,000 to 69,999",Master's degree,Other,"1000-9,999 employees",Male,3
"60,000 to 69,999",Master's degree,Other,250-999 employees,Male,1
"60,000 to 69,999",Master's degree,Other,250-999 employees,Female,1
"60,000 to 69,999",Master's degree,Other,50-249 employees,Male,1
"60,000 to 69,999",Bachelor's degree,Data Scientist,"> 10,000 employees",Male,2
"60,000 to 69,999",Bachelor's degree,Data Scientist,0-49 employees,Male,3
"60,000 to 69,999",Bachelor's degree,Product/Project Manager,250-999 employees,Female,1
"60,000 to 69,999",Bachelor's degree,Product/Project Manager,50-249 employees,Male,1
"60,000 to 69,999",Bachelor's degree,Business Analyst,"1000-9,999 employees",Male,1
"60,000 to 69,999",Bachelor's degree,Statistician,"1000-9,999 employees",Male,1
"60,000 to 69,999",Bachelor's degree,Data Analyst,"> 10,000 employees",Male,1
"60,000 to 69,999",Bachelor's degree,Data Analyst,"1000-9,999 employees",Male,2
"60,000 to 69,999",Bachelor's degree,Data Analyst,250-999 employees,Male,1
"60,000 to 69,999",Bachelor's degree,Data Analyst,50-249 employees,Male,4
"60,000 to 69,999",Bachelor's degree,Data Analyst,50-249 employees,Female,1
"60,000 to 69,999",Bachelor's degree,Data Analyst,0-49 employees,Male,3
"60,000 to 69,999",Bachelor's degree,Data Analyst,0-49 employees,Female,1
"60,000 to 69,999",Bachelor's degree,Data Engineer,"> 10,000 employees",Female,1
"60,000 to 69,999",Bachelor's degree,Data Engineer,250-999 employees,Male,1
"60,000 to 69,999",Bachelor's degree,DBA/Database Engineer,"1000-9,999 employees",Female,1
"60,000 to 69,999",Bachelor's degree,DBA/Database Engineer,250-999 employees,Male,1
"60,000 to 69,999",Bachelor's degree,Software Engineer,"> 10,000 employees",Male,2
"60,000 to 69,999",Bachelor's degree,Software Engineer,"1000-9,999 employees",Not Mentioned,1
"60,000 to 69,999",Bachelor's degree,Software Engineer,50-249 employees,Male,1
"60,000 to 69,999",Bachelor's degree,Other,"> 10,000 employees",Male,1
"60,000 to 69,999",Bachelor's degree,Other,250-999 employees,Male,1
"60,000 to 69,999",Bachelor's degree,Other,50-249 employees,Male,2
"60,000 to 69,999",Some college/university,Data Scientist,50-249 employees,Male,1
"60,000 to 69,999",Some college/university,Other,"> 10,000 employees",Male,1
"60,000 to 69,999",Some college/university,Other,"1000-9,999 employees",Male,1
"60,000 to 69,999",Some college/university,Other,0-49 employees,Male,1
"50,000 to 59,999",Doctoral degree,Research Scientist,"> 10,000 employees",Male,1
"50,000 to 59,999",Doctoral degree,Research Scientist,"> 10,000 employees",Female,1
"50,000 to 59,999",Doctoral degree,Research Scientist,"1000-9,999 employees",Male,4
"50,000 to 59,999",Doctoral degree,Research Scientist,"1000-9,999 employees",Female,1
"50,000 to 59,999",Doctoral degree,Research Scientist,50-249 employees,Female,1
"50,000 to 59,999",Doctoral degree,Research Scientist,0-49 employees,Male,2
"50,000 to 59,999",Doctoral degree,Research Scientist,0-49 employees,Female,1
"50,000 to 59,999",Doctoral degree,Data Scientist,250-999 employees,Male,1
"50,000 to 59,999",Doctoral degree,Data Scientist,0-49 employees,Male,1
"50,000 to 59,999",Doctoral degree,Statistician,0-49 employees,Male,1
"50,000 to 59,999",Doctoral degree,Data Analyst,"1000-9,999 employees",Male,1
"50,000 to 59,999",Doctoral degree,Other,0-49 employees,Male,1
"50,000 to 59,999",Master's degree,Research Scientist,"1000-9,999 employees",Male,1
"50,000 to 59,999",Master's degree,Research Scientist,250-999 employees,Male,1
"50,000 to 59,999",Master's degree,Data Scientist,"> 10,000 employees",Male,2
"50,000 to 59,999",Master's degree,Data Scientist,"1000-9,999 employees",Male,2
"50,000 to 59,999",Master's degree,Product/Project Manager,"> 10,000 employees",Male,1
"50,000 to 59,999",Master's degree,Product/Project Manager,0-49 employees,Male,1
"50,000 to 59,999",Master's degree,Business Analyst,"> 10,000 employees",Male,2
"50,000 to 59,999",Master's degree,Business Analyst,0-49 employees,Male,2
"50,000 to 59,999",Master's degree,Data Analyst,"> 10,000 employees",Male,1
"50,000 to 59,999",Master's degree,Data Analyst,"1000-9,999 employees",Male,5
"50,000 to 59,999",Master's degree,Data Analyst,"1000-9,999 employees",Female,2
"50,000 to 59,999",Master's degree,Data Analyst,250-999 employees,Male,1
"50,000 to 59,999",Master's degree,Data Analyst,50-249 employees,Male,2
"50,000 to 59,999",Master's degree,Data Analyst,0-49 employees,Male,1
"50,000 to 59,999",Master's degree,Data Engineer,"> 10,000 employees",Male,2
"50,000 to 59,999",Master's degree,Data Engineer,"1000-9,999 employees",Female,1
"50,000 to 59,999",Master's degree,Data Engineer,250-999 employees,Female,1
"50,000 to 59,999",Master's degree,Data Engineer,0-49 employees,Male,1
"50,000 to 59,999",Master's degree,DBA/Database Engineer,"> 10,000 employees",Male,1
"50,000 to 59,999",Master's degree,Software Engineer,"1000-9,999 employees",Female,1
"50,000 to 59,999",Master's degree,Software Engineer,0-49 employees,Male,2
"50,000 to 59,999",Master's degree,Other,"1000-9,999 employees",Male,1
"50,000 to 59,999",Master's degree,Other,250-999 employees,Female,2
"50,000 to 59,999",Master's degree,Other,0-49 employees,Female,2
"50,000 to 59,999",Bachelor's degree,Research Scientist,"1000-9,999 employees",Male,1
"50,000 to 59,999",Bachelor's degree,Data Scientist,"> 10,000 employees",Male,1
"50,000 to 59,999",Bachelor's degree,Data Scientist,0-49 employees,Male,1
"50,000 to 59,999",Bachelor's degree,Product/Project Manager,0-49 employees,Male,1
"50,000 to 59,999",Bachelor's degree,Business Analyst,"1000-9,999 employees",Male,1
"50,000 to 59,999",Bachelor's degree,Business Analyst,0-49 employees,Male,1
"50,000 to 59,999",Bachelor's degree,Statistician,"> 10,000 employees",Male,1
"50,000 to 59,999",Bachelor's degree,Data Analyst,"1000-9,999 employees",Male,2
"50,000 to 59,999",Bachelor's degree,Data Analyst,0-49 employees,Male,2
"50,000 to 59,999",Bachelor's degree,Data Engineer,250-999 employees,Male,1
"50,000 to 59,999",Bachelor's degree,Data Engineer,0-49 employees,Male,1
"50,000 to 59,999",Bachelor's degree,Software Engineer,"1000-9,999 employees",Male,2
"50,000 to 59,999",Bachelor's degree,Software Engineer,50-249 employees,Male,1
"50,000 to 59,999",Bachelor's degree,Software Engineer,0-49 employees,Male,2
"50,000 to 59,999",Bachelor's degree,Other,"> 10,000 employees",Male,1
"50,000 to 59,999",Bachelor's degree,Other,"1000-9,999 employees",Male,1
"50,000 to 59,999",Bachelor's degree,Other,"1000-9,999 employees",Female,1
"50,000 to 59,999",Bachelor's degree,Other,250-999 employees,Female,1
"50,000 to 59,999",Bachelor's degree,Other,50-249 employees,Male,1
"50,000 to 59,999",Some college/university,DBA/Database Engineer,0-49 employees,Male,1
"50,000 to 59,999",Some college/university,Other,50-249 employees,Male,1
"50,000 to 59,999",Some college/university,Other,0-49 employees,Male,1
"50,000 to 59,999",I prefer not to answer,Data Analyst,250-999 employees,Male,1
"40,000 to 49,999",Doctoral degree,Research Scientist,"> 10,000 employees",Male,1
"40,000 to 49,999",Doctoral degree,Research Scientist,"> 10,000 employees",Female,2
"40,000 to 49,999",Doctoral degree,Research Scientist,"1000-9,999 employees",Male,1
"40,000 to 49,999",Doctoral degree,Research Scientist,50-249 employees,Male,1
"40,000 to 49,999",Doctoral degree,Data Scientist,"1000-9,999 employees",Male,2
"40,000 to 49,999",Doctoral degree,Other,50-249 employees,Female,1
"40,000 to 49,999",Master's degree,Research Scientist,50-249 employees,Female,1
"40,000 to 49,999",Master's degree,Research Scientist,0-49 employees,Female,1
"40,000 to 49,999",Master's degree,Data Scientist,"1000-9,999 employees",Female,1
"40,000 to 49,999",Master's degree,Data Scientist,250-999 employees,Male,1
"40,000 to 49,999",Master's degree,Data Scientist,50-249 employees,Female,1
"40,000 to 49,999",Master's degree,Data Scientist,0-49 employees,Male,1
"40,000 to 49,999",Master's degree,Data Scientist,0-49 employees,Female,1
"40,000 to 49,999",Master's degree,Product/Project Manager,50-249 employees,Female,1
"40,000 to 49,999",Master's degree,Product/Project Manager,0-49 employees,Male,1
"40,000 to 49,999",Master's degree,Business Analyst,"1000-9,999 employees",Male,1
"40,000 to 49,999",Master's degree,Business Analyst,0-49 employees,Male,1
"40,000 to 49,999",Master's degree,Data Analyst,"> 10,000 employees",Male,1
"40,000 to 49,999",Master's degree,Data Analyst,50-249 employees,Female,1
"40,000 to 49,999",Master's degree,Data Analyst,0-49 employees,Male,1
"40,000 to 49,999",Master's degree,Data Analyst,0-49 employees,Female,1
"40,000 to 49,999",Master's degree,Software Engineer,"1000-9,999 employees",Female,1
"40,000 to 49,999",Master's degree,Software Engineer,0-49 employees,Male,1
"40,000 to 49,999",Master's degree,Other,"> 10,000 employees",Female,1
"40,000 to 49,999",Master's degree,Other,50-249 employees,Male,1
"40,000 to 49,999",Bachelor's degree,Data Scientist,0-49 employees,Female,1
"40,000 to 49,999",Bachelor's degree,Business Analyst,"> 10,000 employees",Male,1
"40,000 to 49,999",Bachelor's degree,Business Analyst,250-999 employees,Male,1
"40,000 to 49,999",Bachelor's degree,Data Analyst,"1000-9,999 employees",Male,1
"40,000 to 49,999",Bachelor's degree,Data Analyst,"1000-9,999 employees",Female,1
"40,000 to 49,999",Bachelor's degree,Data Analyst,250-999 employees,Male,1
"40,000 to 49,999",Bachelor's degree,Data Analyst,50-249 employees,Male,1
"40,000 to 49,999",Bachelor's degree,Data Analyst,0-49 employees,Male,1
"40,000 to 49,999",Bachelor's degree,Data Engineer,50-249 employees,Male,1
"40,000 to 49,999",Bachelor's degree,Other,"> 10,000 employees",Male,2
"40,000 to 49,999",Bachelor's degree,Other,250-999 employees,Male,1
"40,000 to 49,999",Bachelor's degree,Other,50-249 employees,Male,1
"40,000 to 49,999",Bachelor's degree,Other,0-49 employees,Male,1
"40,000 to 49,999",Professional degree,Other,50-249 employees,Male,1
"40,000 to 49,999",Some college/university,Product/Project Manager,"> 10,000 employees",Not Mentioned,1
"40,000 to 49,999",Some college/university,Data Analyst,"1000-9,999 employees",Male,1
"40,000 to 49,999",Some college/university,Data Analyst,50-249 employees,Male,1
"40,000 to 49,999",Some college/university,Data Analyst,0-49 employees,Male,1
"40,000 to 49,999",Some college/university,Other,"1000-9,999 employees",Male,1
"40,000 to 49,999",Some college/university,Other,"1000-9,999 employees",Female,1
"30,000 to 39,999",Doctoral degree,Research Scientist,"> 10,000 employees",Male,1
"30,000 to 39,999",Doctoral degree,Research Scientist,"1000-9,999 employees",Male,1
"30,000 to 39,999",Doctoral degree,Research Scientist,0-49 employees,Male,3
"30,000 to 39,999",Doctoral degree,Data Scientist,"> 10,000 employees",Female,1
"30,000 to 39,999",Doctoral degree,Other,0-49 employees,Male,1
"30,000 to 39,999",Master's degree,Research Scientist,50-249 employees,Female,1
"30,000 to 39,999",Master's degree,Research Scientist,0-49 employees,Male,1
"30,000 to 39,999",Master's degree,Data Scientist,"> 10,000 employees",Female,1
"30,000 to 39,999",Master's degree,Business Analyst,"> 10,000 employees",Male,1
"30,000 to 39,999",Master's degree,Business Analyst,250-999 employees,Male,1
"30,000 to 39,999",Master's degree,Data Analyst,"1000-9,999 employees",Male,1
"30,000 to 39,999",Master's degree,Other,250-999 employees,Male,1
"30,000 to 39,999",Master's degree,Other,0-49 employees,Male,1
"30,000 to 39,999",Master's degree,Other,0-49 employees,Female,1
"30,000 to 39,999",Bachelor's degree,Data Scientist,0-49 employees,Male,3
"30,000 to 39,999",Bachelor's degree,Data Analyst,"> 10,000 employees",Male,1
"30,000 to 39,999",Bachelor's degree,Data Analyst,"1000-9,999 employees",Female,1
"30,000 to 39,999",Bachelor's degree,Software Engineer,0-49 employees,Male,1
"30,000 to 39,999",Bachelor's degree,Other,"> 10,000 employees",Male,1
"30,000 to 39,999",Bachelor's degree,Other,"1000-9,999 employees",Female,2
"30,000 to 39,999",Bachelor's degree,Other,250-999 employees,Male,1
"30,000 to 39,999",Bachelor's degree,Other,50-249 employees,Female,1
"30,000 to 39,999",Bachelor's degree,Other,0-49 employees,Female,1
"30,000 to 39,999",Bachelor's degree,Other,0-49 employees,Not Mentioned,1
"30,000 to 39,999",Some college/university,Data Analyst,250-999 employees,Male,1
"30,000 to 39,999",Some college/university,Software Engineer,0-49 employees,Male,1
"30,000 to 39,999",Some college/university,Other,50-249 employees,Male,1
"25,000 to 29,999",Doctoral degree,Research Scientist,"1000-9,999 employees",Male,1
"25,000 to 29,999",Doctoral degree,Data Analyst,0-49 employees,Female,1
"25,000 to 29,999",Doctoral degree,Other,"1000-9,999 employees",Male,1
"25,000 to 29,999",Master's degree,Data Scientist,"1000-9,999 employees",Male,1
"25,000 to 29,999",Master's degree,Data Scientist,"1000-9,999 employees",Female,1
"25,000 to 29,999",Master's degree,Data Analyst,"> 10,000 employees",Female,1
"25,000 to 29,999",Master's degree,Other,50-249 employees,Male,1
"25,000 to 29,999",Master's degree,Other,0-49 employees,Male,1
"25,000 to 29,999",Master's degree,Other,0-49 employees,Female,1
"25,000 to 29,999",Bachelor's degree,Data Scientist,0-49 employees,Female,1
"25,000 to 29,999",Bachelor's degree,Data Analyst,0-49 employees,Male,1
"25,000 to 29,999",Bachelor's degree,Other,50-249 employees,Male,1
"25,000 to 29,999",Bachelor's degree,Other,0-49 employees,Male,1
"25,000 to 29,999",Some college/university,Statistician,"> 10,000 employees",Male,1
"25,000 to 29,999",Some college/university,Other,50-249 employees,Female,1
"25,000 to 29,999",High School,Data Analyst,0-49 employees,Male,1
"20,000 to 24,999",Doctoral degree,Research Scientist,"> 10,000 employees",Female,1
"20,000 to 24,999",Doctoral degree,Research Scientist,"1000-9,999 employees",Male,1
"20,000 to 24,999",Doctoral degree,Software Engineer,"> 10,000 employees",Male,1
"20,000 to 24,999",Doctoral degree,Other,"1000-9,999 employees",Male,1
"20,000 to 24,999",Master's degree,Research Scientist,0-49 employees,Male,2
"20,000 to 24,999",Master's degree,Business Analyst,0-49 employees,Male,1
"20,000 to 24,999",Master's degree,Business Analyst,0-49 employees,Female,1
"20,000 to 24,999",Master's degree,Software Engineer,"1000-9,999 employees",Female,1
"20,000 to 24,999",Master's degree,Other,"1000-9,999 employees",Female,1
"20,000 to 24,999",Bachelor's degree,Data Scientist,0-49 employees,Male,1
"20,000 to 24,999",Bachelor's degree,Other,"> 10,000 employees",Male,1
"20,000 to 24,999",Bachelor's degree,Other,0-49 employees,Female,1
"20,000 to 24,999",Some college/university,Software Engineer,250-999 employees,Male,1
"20,000 to 24,999",Some college/university,Software Engineer,0-49 employees,Female,1
"15,000 to 19,999",Doctoral degree,Research Scientist,50-249 employees,Male,1
"15,000 to 19,999",Doctoral degree,Data Scientist,"> 10,000 employees",Male,1
"15,000 to 19,999",Doctoral degree,Data Analyst,"> 10,000 employees",Not Mentioned,1
"15,000 to 19,999",Master's degree,Data Scientist,"1000-9,999 employees",Male,1
"15,000 to 19,999",Master's degree,Data Scientist,0-49 employees,Male,2
"15,000 to 19,999",Master's degree,Data Analyst,250-999 employees,Female,1
"15,000 to 19,999",Master's degree,Software Engineer,0-49 employees,Male,1
"15,000 to 19,999",Master's degree,Software Engineer,0-49 employees,Female,1
"15,000 to 19,999",Master's degree,Other,"> 10,000 employees",Male,1
"15,000 to 19,999",Master's degree,Other,"1000-9,999 employees",Female,1
"15,000 to 19,999",Bachelor's degree,Other,"> 10,000 employees",Male,1
"15,000 to 19,999",Bachelor's degree,Other,0-49 employees,Male,1
"15,000 to 19,999",Some college/university,Product/Project Manager,0-49 employees,Female,1
"15,000 to 19,999",Some college/university,Data Engineer,0-49 employees,Male,1
"15,000 to 19,999",I prefer not to answer,Data Analyst,0-49 employees,Male,1
"10,000 to 14,999",Doctoral degree,Data Scientist,0-49 employees,Male,1
"10,000 to 14,999",Doctoral degree,Data Analyst,0-49 employees,Male,1
"10,000 to 14,999",Doctoral degree,Other,"1000-9,999 employees",Male,1
"10,000 to 14,999",Master's degree,Research Scientist,0-49 employees,Male,1
"10,000 to 14,999",Master's degree,Data Scientist,0-49 employees,Male,1
"10,000 to 14,999",Master's degree,Data Analyst,"> 10,000 employees",Male,1
"10,000 to 14,999",Master's degree,Data Analyst,50-249 employees,Female,1
"10,000 to 14,999",Master's degree,Data Analyst,0-49 employees,Male,1
"10,000 to 14,999",Master's degree,Software Engineer,"> 10,000 employees",Male,1
"10,000 to 14,999",Master's degree,Software Engineer,"> 10,000 employees",Female,1
"10,000 to 14,999",Master's degree,Other,0-49 employees,Male,2
"10,000 to 14,999",Bachelor's degree,Product/Project Manager,0-49 employees,Female,1
"10,000 to 14,999",Bachelor's degree,Other,"1000-9,999 employees",Male,1
"7,500 to 9,999",Doctoral degree,Research Scientist,"> 10,000 employees",Male,1
"7,500 to 9,999",Doctoral degree,Data Analyst,"> 10,000 employees",Female,1
"7,500 to 9,999",Master's degree,Data Scientist,0-49 employees,Male,1
"7,500 to 9,999",Master's degree,Data Engineer,"> 10,000 employees",Male,1
"7,500 to 9,999",Master's degree,Data Engineer,"1000-9,999 employees",Male,1
"7,500 to 9,999",Master's degree,Software Engineer,0-49 employees,Male,1
"7,500 to 9,999",Some college/university,Software Engineer,50-249 employees,Male,1
"5,000 to 7,499",Doctoral degree,Research Scientist,0-49 employees,Female,1
"5,000 to 7,499",Doctoral degree,Data Scientist,0-49 employees,Male,1
"5,000 to 7,499",Master's degree,Research Scientist,0-49 employees,Female,1
"5,000 to 7,499",Master's degree,Data Scientist,50-249 employees,Male,1
"5,000 to 7,499",Master's degree,Data Analyst,250-999 employees,Female,1
"5,000 to 7,499",Master's degree,Data Analyst,0-49 employees,Male,1
"5,000 to 7,499",Master's degree,Software Engineer,"1000-9,999 employees",Female,1
"5,000 to 7,499",Master's degree,Software Engineer,0-49 employees,Self Describe,1
"5,000 to 7,499",Bachelor's degree,Software Engineer,0-49 employees,Male,1
"4,000 to 4,999",Master's degree,Other,"1000-9,999 employees",Male,1
"4,000 to 4,999",Master's degree,Other,50-249 employees,Not Mentioned,1
"3,000 to 3,999",Master's degree,Research Scientist,"> 10,000 employees",Female,1
"3,000 to 3,999",Master's degree,Product/Project Manager,"> 10,000 employees",Male,1
"3,000 to 3,999",Bachelor's degree,Business Analyst,50-249 employees,Female,1
"3,000 to 3,999",Some college/university,Data Engineer,50-249 employees,Female,1
"2,000 to 2,999",Master's degree,Software Engineer,"> 10,000 employees",Male,1
"2,000 to 2,999",Bachelor's degree,Data Engineer,50-249 employees,Male,1
"2,000 to 2,999",Some college/university,Data Scientist,0-49 employees,Male,1
"2,000 to 2,999",Some college/university,Software Engineer,0-49 employees,Male,1
"1,000 to 1,999",Master's degree,Business Analyst,50-249 employees,Not Mentioned,1
"1,000 to 1,999",Master's degree,Statistician,"1000-9,999 employees",Male,1
"1,000 to 1,999",Master's degree,Data Analyst,50-249 employees,Female,1
"1,000 to 1,999",Master's degree,Software Engineer,0-49 employees,Male,1
"1,000 to 1,999",Bachelor's degree,Data Analyst,0-49 employees,Male,1
"1,000 to 1,999",Some college/university,Research Scientist,0-49 employees,Male,1
$0 to 999,Doctoral degree,Research Scientist,50-249 employees,Male,1
$0 to 999,Doctoral degree,Research Scientist,0-49 employees,Male,5
$0 to 999,Doctoral degree,Research Scientist,0-49 employees,Female,1
$0 to 999,Doctoral degree,Data Scientist,"> 10,000 employees",Male,2
$0 to 999,Doctoral degree,Data Scientist,0-49 employees,Male,1
$0 to 999,Doctoral degree,Other,"> 10,000 employees",Male,1
$0 to 999,Doctoral degree,Other,50-249 employees,Male,1
$0 to 999,Doctoral degree,Other,0-49 employees,Male,1
$0 to 999,Master's degree,Research Scientist,"1000-9,999 employees",Male,1
$0 to 999,Master's degree,Research Scientist,0-49 employees,Male,1
$0 to 999,Master's degree,Data Scientist,"> 10,000 employees",Male,3
$0 to 999,Master's degree,Data Scientist,"> 10,000 employees",Female,1
$0 to 999,Master's degree,Data Scientist,250-999 employees,Male,1
$0 to 999,Master's degree,Data Scientist,250-999 employees,Not Mentioned,1
$0 to 999,Master's degree,Data Scientist,50-249 employees,Female,1
$0 to 999,Master's degree,Data Scientist,0-49 employees,Male,3
$0 to 999,Master's degree,Data Scientist,0-49 employees,Female,3
$0 to 999,Master's degree,Product/Project Manager,"> 10,000 employees",Male,1
$0 to 999,Master's degree,Product/Project Manager,"1000-9,999 employees",Male,1
$0 to 999,Master's degree,Product/Project Manager,0-49 employees,Male,1
$0 to 999,Master's degree,Business Analyst,"> 10,000 employees",Male,1
$0 to 999,Master's degree,Business Analyst,"> 10,000 employees",Female,1
$0 to 999,Master's degree,Business Analyst,"1000-9,999 employees",Male,1
$0 to 999,Master's degree,Business Analyst,50-249 employees,Male,1
$0 to 999,Master's degree,Business Analyst,0-49 employees,Male,3
$0 to 999,Master's degree,Business Analyst,0-49 employees,Female,1
$0 to 999,Master's degree,Data Analyst,"> 10,000 employees",Male,1
$0 to 999,Master's degree,Data Analyst,"1000-9,999 employees",Male,1
$0 to 999,Master's degree,Data Analyst,"1000-9,999 employees",Female,1
$0 to 999,Master's degree,Data Analyst,50-249 employees,Not Mentioned,1
$0 to 999,Master's degree,Data Analyst,0-49 employees,Male,3
$0 to 999,Master's degree,Data Analyst,0-49 employees,Female,1
$0 to 999,Master's degree,Software Engineer,"> 10,000 employees",Male,3
$0 to 999,Master's degree,Software Engineer,"1000-9,999 employees",Female,1
$0 to 999,Master's degree,Software Engineer,50-249 employees,Male,1
$0 to 999,Master's degree,Software Engineer,0-49 employees,Male,2
$0 to 999,Master's degree,Other,"> 10,000 employees",Male,1
$0 to 999,Master's degree,Other,50-249 employees,Male,2
$0 to 999,Master's degree,Other,0-49 employees,Male,2
$0 to 999,Master's degree,Other,0-49 employees,Female,1
$0 to 999,Bachelor's degree,Research Scientist,0-49 employees,Male,1
$0 to 999,Bachelor's degree,Data Scientist,"1000-9,999 employees",Male,1
$0 to 999,Bachelor's degree,Data Scientist,0-49 employees,Female,1
$0 to 999,Bachelor's degree,Product/Project Manager,"> 10,000 employees",Male,1
$0 to 999,Bachelor's degree,Business Analyst,"1000-9,999 employees",Male,1
$0 to 999,Bachelor's degree,Business Analyst,50-249 employees,Male,1
$0 to 999,Bachelor's degree,Business Analyst,0-49 employees,Male,1
$0 to 999,Bachelor's degree,Business Analyst,0-49 employees,Female,1
$0 to 999,Bachelor's degree,Data Analyst,50-249 employees,Male,1
$0 to 999,Bachelor's degree,Data Analyst,0-49 employees,Female,1
$0 to 999,Bachelor's degree,Data Engineer,"1000-9,999 employees",Female,1
$0 to 999,Bachelor's degree,Data Engineer,0-49 employees,Male,1
$0 to 999,Bachelor's degree,Software Engineer,"> 10,000 employees",Male,1
$0 to 999,Bachelor's degree,Software Engineer,0-49 employees,Male,4
$0 to 999,Bachelor's degree,Other,"> 10,000 employees",Not Mentioned,1
$0 to 999,Bachelor's degree,Other,250-999 employees,Female,1
$0 to 999,Bachelor's degree,Other,50-249 employees,Female,1
$0 to 999,Bachelor's degree,Other,50-249 employees,Not Mentioned,1
$0 to 999,Bachelor's degree,Other,0-49 employees,Female,1
$0 to 999,Professional degree,Other,50-249 employees,Male,1
$0 to 999,Some college/university,Product/Project Manager,0-49 employees,Not Mentioned,1
$0 to 999,Some college/university,Software Engineer,0-49 employees,Male,1
$0 to 999,Some college/university,Other,50-249 employees,Male,1
$0 to 999,Some college/university,Other,0-49 employees,Male,1
$0 to 999,I prefer not to answer,Other,0-49 employees,Male,1
$0 to 999,I prefer not to answer,Other,0-49 employees,Not Mentioned,1
